Region,Town,State,Business,Vertical,Need,Confidence,Website score,IT score,Evidence,Phone,Website,Address,Google Maps,Source,Status/Notes
Upstate/N SC,Greenville,SC,Joint Pain Relief Center,healthcare,Both,High,6,5,Website is down/unreachable (ENOTFOUND); Business email is jointpainreliefctrs@gmail.com,+1-864-538-0090,https://jointpainreliefcenter.com/,3 Webb Road,https://www.google.com/maps/search/?api=1&query=Joint%20Pain%20Relief%20Center%20Greenville%20SC,OSM,
SE Kentucky,Corbin,KY,Revolution Realty,realestate,Both,High,6,5,Website is down/unreachable (ERR_SSL_TLSV1_ALERT_INTERNAL_ERROR); Business email is Kcfrench23@gmail.com,+1-606-620-6712,https://www.rev-realty.com/,900 South Kentucky Avenue,https://www.google.com/maps/search/?api=1&query=Revolution%20Realty%20Corbin%20KY,OSM,
NE Tennessee,Jonesborough,TN,Blue Ridge Animal Hospital,veterinary,Both,High,5,5,SSL certificate broken/expired; GoDaddy site builder; Business email is blueridgeanimalhospitaltn@gmail.com,+1-423-753-7387,http://www.blueridgeanimalhospitaltn.com/,3741 West Market Street,https://www.google.com/maps/search/?api=1&query=Blue%20Ridge%20Animal%20Hospital%20Jonesborough%20TN,OSM,
NE Tennessee,Johnson City,TN,Moto Japanese Restaurant,food,Both,High,5,5,SSL certificate broken/expired; WordPress 4.1 (outdated); Outdated server stack: Apache PHP/5.4.45; Business email is motojohnsoncity@gmail.com,+1-423-282-6686,http://www.motojc.com/,2607 North Roan Street,https://www.google.com/maps/search/?api=1&query=Moto%20Japanese%20Restaurant%20Johnson%20City%20TN,OSM,
SE Kentucky,Hazard,KY,Blue Ridge Insurance Group,finance,Both,High,6,4,SSL certificate broken/expired; Copyright stuck at 2012; GoDaddy site builder,+1 606-312-7805,http://www.blueridgeinsurance.org/,,https://www.google.com/maps/search/?api=1&query=Blue%20Ridge%20Insurance%20Group%20Hazard%20KY,OSM,
Western NC,Asheville,NC,Standard Pizza Co.,food,Both,High,5,5,SSL certificate broken/expired; Uses free email for business (standardpizzaco@gmail.com); Outdated server stack: Apache PHP/5.6.40; Business email is standardpizzaco@gmail.com,+1-828-255-8122,http://www.standardpizzacoasheville.com/,631 Haywood Road,https://www.google.com/maps/search/?api=1&query=Standard%20Pizza%20Co.%20Asheville%20NC,OSM,
Western NC,Morganton,NC,Healthy Petz Veterinary Clinic,veterinary,Both,High,5,5,No HTTPS (insecure site); Copyright stuck at 2020; Business email is healthypetz109@gmail.com,+1-828-437-4524,http://myhealthypetz.com/,109 Enola Road,https://www.google.com/maps/search/?api=1&query=Healthy%20Petz%20Veterinary%20Clinic%20Morganton%20NC,OSM,
NE Tennessee,Johnson City,TN,Karing Hearts Cardiology,healthcare,Both,High,5,4,Website is down/unreachable,+1-423-926-4468,https://karingheartscardiology.com/,701 North State of Franklin Road,https://www.google.com/maps/search/?api=1&query=Karing%20Hearts%20Cardiology%20Johnson%20City%20TN,OSM,
NE Tennessee,Johnson City,TN,Dr. Katherine Barteck,healthcare,Both,High,5,4,Website is down/unreachable,+1-423-449-9146,https://drbarteck.com/,508 East Unaka Avenue,https://www.google.com/maps/search/?api=1&query=Dr.%20Katherine%20Barteck%20Johnson%20City%20TN,OSM,
NE Tennessee,Johnson City,TN,Eastman Credit Union,finance,Both,High,5,4,Website is down/unreachable,+1-423-722-1200,https://www.ecu.org/locations/state-of-franklin-branch,255 Marketplace Boulevard,https://www.google.com/maps/search/?api=1&query=Eastman%20Credit%20Union%20Johnson%20City%20TN,OSM,
NE Tennessee,Bristol,TN,Animal Medical Clinic,veterinary,Both,High,5,4,Website is down/unreachable (ERR_TLS_CERT_ALTNAME_INVALID),+1 423-764-2428,https://www.animalmedclinic.com,2012 W State Street,https://www.google.com/maps/search/?api=1&query=Animal%20Medical%20Clinic%20Bristol%20TN,OSM,
NE Tennessee,Elizabethton,TN,Lingerfelt Drug and Gift Center,healthcare,Both,Verify,4,5,No website listed (OSM) — verify with a quick Google/call; healthcare business with no web presence — likely no IT partner either; Business email is lingerfeltpharmacy@yahoo.com,+1-423-518-1140,,609 East Elk Avenue,https://www.google.com/maps/search/?api=1&query=Lingerfelt%20Drug%20and%20Gift%20Center%20Elizabethton%20TN,OSM,
NE Tennessee,Elizabethton,TN,Carter County Bank,finance,Both,High,5,4,Website is down/unreachable,+1-423-543-2131,https://www.cartercountybank.com/,601 East Elk Avenue,https://www.google.com/maps/search/?api=1&query=Carter%20County%20Bank%20Elizabethton%20TN,OSM,
NE Tennessee,Elizabethton,TN,Hearth and Home Realty,realestate,Both,High,5,4,Website is down/unreachable,+1-423-543-2307,http://www.hearthnhomerealty.net,3981 Veterans Memorial Parkway,https://www.google.com/maps/search/?api=1&query=Hearth%20and%20Home%20Realty%20Elizabethton%20TN,OSM,
NE Tennessee,Elizabethton,TN,Family EyeCare Center,healthcare,Both,High,5,4,Website is down/unreachable (23),+1-423-543-7376,https://www.elizabethtoneyecare.com/,629 Broad Street,https://www.google.com/maps/search/?api=1&query=Family%20EyeCare%20Center%20Elizabethton%20TN,OSM,
NE Tennessee,Elizabethton,TN,Wheeler Chiropractic,healthcare,Both,Verify,4,5,No website listed (OSM) — verify with a quick Google/call; healthcare business with no web presence — likely no IT partner either; Business email is wheelerchiropracticdc@gmail.com,+1-423-542-4103,,835 Broad Street,https://www.google.com/maps/search/?api=1&query=Wheeler%20Chiropractic%20Elizabethton%20TN,OSM,
NE Tennessee,Greeneville,TN,Warner Realty Company,realestate,Both,High,5,4,Website is down/unreachable,+1-423-639-7653,https://warnerrealtyco.com,522 Justis Dr,https://www.google.com/maps/search/?api=1&query=Warner%20Realty%20Company%20Greeneville%20TN,OSM,
NE Tennessee,Greeneville,TN,Trinity Heart & Vascular Group,healthcare,Both,High,5,4,Website is down/unreachable,+1-423-588-5660,https://trinityheartandvasculargroup.com/,1231 Tusculum Boulevard,https://www.google.com/maps/search/?api=1&query=Trinity%20Heart%20%26%20Vascular%20Group%20Greeneville%20TN,OSM,
NE Tennessee,Greeneville,TN,Andrew Johnson Bank,finance,Both,High,5,4,Website is down/unreachable,+1-423-636-3560,https://www.andrewjohnsonbank.com/,1102 West Main Street,https://www.google.com/maps/search/?api=1&query=Andrew%20Johnson%20Bank%20Greeneville%20TN,OSM,
Upstate/N SC,Greenville,SC,EmergencyMD,healthcare,Both,High,5,4,Website is down/unreachable,+1 864-305-5000,https://emergencymdsc.com/,2498 North Pleasantburg Drive,https://www.google.com/maps/search/?api=1&query=EmergencyMD%20Greenville%20SC,OSM,
Upstate/N SC,Greenville,SC,"SureQuote, LLC",finance,Both,High,5,4,Website is down/unreachable (ENOTFOUND),+1-864-414-8302,https://sure-quote.com/,905 East Washington Street,https://www.google.com/maps/search/?api=1&query=SureQuote%2C%20LLC%20Greenville%20SC,OSM,
Upstate/N SC,Greer,SC,Allen Tate Realtors,realestate,Both,High,5,4,Website is down/unreachable,+1 8644163900,https://www.allentate.com/,,https://www.google.com/maps/search/?api=1&query=Allen%20Tate%20Realtors%20Greer%20SC,OSM,
Upstate/N SC,Greenville,SC,Search Greenville,realestate,Both,High,5,4,Website is down/unreachable,+1-864-430-0040,https://searchgreenville.com/,3705 White Horse Road,https://www.google.com/maps/search/?api=1&query=Search%20Greenville%20Greenville%20SC,OSM,
Upstate/N SC,Greenville,SC,Greenville VA Outpatient Clinic,healthcare,Both,High,5,4,Website is down/unreachable (ENOTFOUND),+1 864 299 1600,https://www.columbiasc.va.gov/locations/greenville.asp,41 Park Creek Drive,https://www.google.com/maps/search/?api=1&query=Greenville%20VA%20Outpatient%20Clinic%20Greenville%20SC,OSM,
Upstate/N SC,Greer,SC,"Hisker Law Firm, PC",legal,Both,High,5,4,Website is down/unreachable,+1-864-610-1277,https://www.hiskerlaw.com/,,https://www.google.com/maps/search/?api=1&query=Hisker%20Law%20Firm%2C%20PC%20Greer%20SC,OSM,
Upstate/N SC,Greer,SC,Pelham Vision Center,healthcare,Both,High,5,4,Website is down/unreachable,+1-864-627-0634,https://www.pelhamvisioncenter.com/,317 The Parkway,https://www.google.com/maps/search/?api=1&query=Pelham%20Vision%20Center%20Greer%20SC,OSM,
Upstate/N SC,Greer,SC,King Law,legal,Both,High,5,4,Website is down/unreachable,+1-804-416-2444,https://kinglawoffices.com/office-locations/south-carolina/greer,1320 W Poinsett St,https://www.google.com/maps/search/?api=1&query=King%20Law%20Greer%20SC,OSM,
Upstate/N SC,Greer,SC,CBL State Savings Bank,finance,Both,High,5,4,Website is down/unreachable,+1-864-877-2054,https://mycbl.bank/,229 Trade Street,https://www.google.com/maps/search/?api=1&query=CBL%20State%20Savings%20Bank%20Greer%20SC,OSM,
Upstate/N SC,Greer,SC,Founders Credit union,finance,Both,High,5,4,Website is down/unreachable,+1-800-762-8758,https://www.foundersfcu.com/,716 East Main Street,https://www.google.com/maps/search/?api=1&query=Founders%20Credit%20union%20Greer%20SC,OSM,
Upstate/N SC,Greer,SC,The Partners Real Estate Group,realestate,Both,High,5,4,Website is down/unreachable,+1-864-485-2100,https://www.shaunandsharigroup.com/,805 East Main Street,https://www.google.com/maps/search/?api=1&query=The%20Partners%20Real%20Estate%20Group%20Greer%20SC,OSM,
Upstate/N SC,Greer,SC,Spencer Tax Service Inc.,accounting,Both,High,4,5,No HTTPS (insecure site); GoDaddy site builder; WordPress 2.10 (outdated),+1-864-439-3852,https://www.spencertaxserviceinc.com/,904 East Main Street,https://www.google.com/maps/search/?api=1&query=Spencer%20Tax%20Service%20Inc.%20Greer%20SC,OSM,
Upstate/N SC,Greer,SC,Premier DOT Physicals,healthcare,Both,High,5,4,Website is down/unreachable,+1-864-336-5275,http://premierdotphysicalsllc.com/,801 East Main Street,https://www.google.com/maps/search/?api=1&query=Premier%20DOT%20Physicals%20Greer%20SC,OSM,
Upstate/N SC,Greer,SC,"Kinard-Barath Tax Group, LLC",accounting,Both,High,5,4,Website is down/unreachable (ENOTFOUND),+1-864-439-0492,https://www.kinard-barath.com/home,812 East Main Street,https://www.google.com/maps/search/?api=1&query=Kinard-Barath%20Tax%20Group%2C%20LLC%20Greer%20SC,OSM,
Upstate/N SC,Greer,SC,Children's Medical Center,healthcare,Both,High,5,4,Website is down/unreachable,+1-864-877-1220,https://www.cmc-pa.com/greer,841 South Buncombe Road,https://www.google.com/maps/search/?api=1&query=Children's%20Medical%20Center%20Greer%20SC,OSM,
Upstate/N SC,Spartanburg,SC,"Whispering Wind Counseling, LLC",healthcare,Both,High,5,4,Website is down/unreachable (ENOTFOUND),+1-864-585-4848,http://whisperingwindcounselingllc.com,101 Hilldale Drive,https://www.google.com/maps/search/?api=1&query=Whispering%20Wind%20Counseling%2C%20LLC%20Spartanburg%20SC,OSM,
Upstate/N SC,Spartanburg,SC,River Falls Chiropratic,healthcare,Both,High,5,4,Website is down/unreachable (ENOTFOUND),+1-864-804-6530,http://chiroasso.com/,2156 East Main Street,https://www.google.com/maps/search/?api=1&query=River%20Falls%20Chiropratic%20Spartanburg%20SC,OSM,
Upstate/N SC,Spartanburg,SC,Brown Insurance,finance,Both,High,5,4,Website is down/unreachable (ENOTFOUND),+1 864-542-2267,https://www.browninsurancesc.com/,1002 South Pine Street,https://www.google.com/maps/search/?api=1&query=Brown%20Insurance%20Spartanburg%20SC,OSM,
Upstate/N SC,Spartanburg,SC,Pediatric Associates–Spartanburg,healthcare,Both,High,5,4,Website is down/unreachable (ENOTFOUND),+1-864-582-8135,https://www.ghschildrens.org/pediatric-primary-care/pediatric-associates-spartanburg/,,https://www.google.com/maps/search/?api=1&query=Pediatric%20Associates%E2%80%93Spartanburg%20Spartanburg%20SC,OSM,
Upstate/N SC,Spartanburg,SC,King Law,legal,Both,High,5,4,Website is down/unreachable,+1-864-345-8529,https://kinglawoffices.com/office-locations/south-carolina/spartanburg,407 South Pine Street,https://www.google.com/maps/search/?api=1&query=King%20Law%20Spartanburg%20SC,OSM,
Upstate/N SC,Spartanburg,SC,Founders Federal Credit Union,finance,Both,High,5,4,Website is down/unreachable,+1 800 845 1614,https://www.foundersfcu.com/,1650 John B White Sr Boulevard,https://www.google.com/maps/search/?api=1&query=Founders%20Federal%20Credit%20Union%20Spartanburg%20SC,OSM,
Upstate/N SC,Spartanburg,SC,Hospice Care of South Carolina,healthcare,Both,High,5,4,Website is down/unreachable,+1-864-542-2100,https://www.hospicecare.net/,110 Dillon Drive,https://www.google.com/maps/search/?api=1&query=Hospice%20Care%20of%20South%20Carolina%20Spartanburg%20SC,OSM,
Upstate/N SC,Spartanburg,SC,Boiling Springs Dentistry,healthcare,Both,High,5,4,Website is down/unreachable,+1-864-578-0043,https://www.boilingspringsdentistry.com/,1396 Boiling Springs Road,https://www.google.com/maps/search/?api=1&query=Boiling%20Springs%20Dentistry%20Spartanburg%20SC,OSM,
Upstate/N SC,Spartanburg,SC,The Forrester Center for Behavioral Health,healthcare,Both,High,5,4,Website is down/unreachable,+1-864-582-7588,https://www.theforrestercenter.org/,129 Dillon Drive,https://www.google.com/maps/search/?api=1&query=The%20Forrester%20Center%20for%20Behavioral%20Health%20Spartanburg%20SC,OSM,
Upstate/N SC,Anderson,SC,Walker Animal Hospital,veterinary,Both,High,5,4,Website is down/unreachable (ENOTFOUND),+1-864-622-1117,https://walkeranimal.com/,3810 North Highway 81,https://www.google.com/maps/search/?api=1&query=Walker%20Animal%20Hospital%20Anderson%20SC,OSM,
Upstate/N SC,Anderson,SC,Patrick B. Harris Psychiatric Hospital,healthcare,Both,High,5,4,Website is down/unreachable (EAI_AGAIN),+1 864 231 2600,http://www.patrickbharris.com/,130 Highway 252,https://www.google.com/maps/search/?api=1&query=Patrick%20B.%20Harris%20Psychiatric%20Hospital%20Anderson%20SC,OSM,
Upstate/N SC,Easley,SC,Liberty Family Care,healthcare,Both,High,5,4,Website is down/unreachable (ENOTFOUND),+1 864 843 5605,https://baptisteasley.org/physician-practices/liberty-family-care/,300 West Front Street,https://www.google.com/maps/search/?api=1&query=Liberty%20Family%20Care%20Easley%20SC,OSM,
Upstate/N SC,Easley,SC,AnMed Health Cannon,healthcare,Both,High,5,4,Website is down/unreachable (UND_ERR_CONNECT_TIMEOUT),+1 864 878 4791,https://www.anmedhealthcannon.org/,123 W G Acker Drive,https://www.google.com/maps/search/?api=1&query=AnMed%20Health%20Cannon%20Easley%20SC,OSM,
Upstate/N SC,Seneca/Clemson,SC,New York Life Insurance Company,finance,Both,High,5,4,Website is down/unreachable (ENOTFOUND),+1-864-885-1492,http://geneadkins.com,135 Eagles Nest Drive,https://www.google.com/maps/search/?api=1&query=New%20York%20Life%20Insurance%20Company%20Seneca%2FClemson%20SC,OSM,
Upstate/N SC,Seneca/Clemson,SC,Leslie & Associates,finance,Both,High,5,4,Website is down/unreachable,+1-864-654-8498,https://leslieandassociates.net,10873 Clemson Boulevard,https://www.google.com/maps/search/?api=1&query=Leslie%20%26%20Associates%20Seneca%2FClemson%20SC,OSM,
Upstate/N SC,Rock Hill,SC,"The Burris Legal Group, P.A.",legal,Both,High,5,4,Website is down/unreachable (Bad URL),+1-803-980-0100,https://www.the urrislegalgroup.com,204 Johnston Street,https://www.google.com/maps/search/?api=1&query=The%20Burris%20Legal%20Group%2C%20P.A.%20Rock%20Hill%20SC,OSM,
Upstate/N SC,Rock Hill,SC,Piedmont Medical Center,healthcare,Both,High,5,4,Website is down/unreachable,+1 803 329 1234,https://www.piedmontmedicalcenter.com/,222 South Herlong Avenue,https://www.google.com/maps/search/?api=1&query=Piedmont%20Medical%20Center%20Rock%20Hill%20SC,OSM,
Upstate/N SC,Rock Hill,SC,Piedmont Medical Center – Fort Mill,healthcare,Both,High,5,4,Website is down/unreachable,+1-803-802-3662,https://www.piedmontmedicalnetwork.com/locations/detail/piedmont-medical-center-fort-mill,1000 Wellness Way,https://www.google.com/maps/search/?api=1&query=Piedmont%20Medical%20Center%20%E2%80%93%20Fort%20Mill%20Rock%20Hill%20SC,OSM,
SE Kentucky,Prestonsburg,KY,Martin City Outpatient Complex,healthcare,Both,High,5,4,Website is down/unreachable (UND_ERR_CONNECT_TIMEOUT),+1-606-285-3142,https://www.mtcomp.org/facility/martin-city-complex,11206 Main Street,https://www.google.com/maps/search/?api=1&query=Martin%20City%20Outpatient%20Complex%20Prestonsburg%20KY,OSM,
SE Kentucky,Hazard,KY,John R Hansen Attorney At Law,legal,Both,High,5,4,Website is down/unreachable (ENOTFOUND),+1-606-439-6054,https://johnrhansenattorneyatlaw.com,492 Main Street,https://www.google.com/maps/search/?api=1&query=John%20R%20Hansen%20Attorney%20At%20Law%20Hazard%20KY,OSM,
SE Kentucky,Middlesboro,KY,Michael A. Taylor Law Office,legal,Both,High,5,4,Website is down/unreachable (ENOTFOUND),+1-606-248-8855,http://michaelataylorlaw.com,139 West Chester Avenue,https://www.google.com/maps/search/?api=1&query=Michael%20A.%20Taylor%20Law%20Office%20Middlesboro%20KY,OSM,
SE Kentucky,Corbin,KY,Creech & Gibbs Pharmacy,healthcare,Both,High,5,4,Website is down/unreachable (EAI_AGAIN),+1-606-523-1911,https://creechngibbs.com,13369 North US Highway 25 East,https://www.google.com/maps/search/?api=1&query=Creech%20%26%20Gibbs%20Pharmacy%20Corbin%20KY,OSM,
SE Kentucky,London,KY,Jill Osborne Edwards Attorney at Law,legal,Both,High,5,4,Website is down/unreachable (ENOTFOUND),+1 606-878-7228,https://www.jillosborneedwardsattorney.com/,409 South Main Street,https://www.google.com/maps/search/?api=1&query=Jill%20Osborne%20Edwards%20Attorney%20at%20Law%20London%20KY,OSM,
Southern WV,Hinton,WV,J. L. Massie Insurance Inc.,finance,Both,High,5,4,Website is down/unreachable (ENOTFOUND),+1-800-559-9898,https://www.massieinsuranceinc.com/,217 Temple Street,https://www.google.com/maps/search/?api=1&query=J.%20L.%20Massie%20Insurance%20Inc.%20Hinton%20WV,OSM,
SW Virginia,Wytheville,VA,The Complete Tax Service,accounting,Both,High,5,4,Website is down/unreachable (ENOTFOUND),+1-276-625-0770,https://www.thecompletetaxservice.com/,460 West Monroe Street,https://www.google.com/maps/search/?api=1&query=The%20Complete%20Tax%20Service%20Wytheville%20VA,OSM,
SW Virginia,Wytheville,VA,Wilson Dental,healthcare,Both,High,5,4,Website is down/unreachable (ENOTFOUND),+1-276-228-8571,https://www.wilsondentalpc.com/,195 East Spring Street,https://www.google.com/maps/search/?api=1&query=Wilson%20Dental%20Wytheville%20VA,OSM,
SW Virginia,Wytheville,VA,Counts Drug Co,healthcare,Both,High,5,4,Website is down/unreachable (UND_ERR_CONNECT_TIMEOUT),+1-276-228-2178,http://sites.cornerdrugstore.com/store/consumerHome.aspx?CorpID=&StoreID=0x002000000000030D,289 West Main Street,https://www.google.com/maps/search/?api=1&query=Counts%20Drug%20Co%20Wytheville%20VA,OSM,
SW Virginia,Galax,VA,Galax Dermatology,healthcare,Both,High,5,4,Website is down/unreachable,+1-276-238-9902,https://www.skinsurgerycenter.net/locations/galax/,974 East Stuart Drive,https://www.google.com/maps/search/?api=1&query=Galax%20Dermatology%20Galax%20VA,OSM,
SW Virginia,Norton/Wise,VA,Lonesome Pine Economy Drug,healthcare,Both,High,5,4,Website is down/unreachable (UNABLE_TO_GET_ISSUER_CERT_LOCALLY),+1-276-679-5191,https://www.lonesomepinerx.com/,517 Park Avenue Northwest,https://www.google.com/maps/search/?api=1&query=Lonesome%20Pine%20Economy%20Drug%20Norton%2FWise%20VA,OSM,
SW Virginia,Lebanon,VA,"McCoy Insurance Services, Inc.",finance,Both,High,5,4,Website is down/unreachable (ENOTFOUND),+12768892300,http://mccoyinsservices.com,547 West Main Street,https://www.google.com/maps/search/?api=1&query=McCoy%20Insurance%20Services%2C%20Inc.%20Lebanon%20VA,OSM,
SW Virginia,Richlands,VA,South Guard Advisors,finance,Both,High,5,4,Website is down/unreachable,+1-276-963-6277,https://www.southguardadvisors.com/,2997 Steelsburg Highway,https://www.google.com/maps/search/?api=1&query=South%20Guard%20Advisors%20Richlands%20VA,OSM,
SW Virginia,Richlands,VA,Richlands Family Dentistry,healthcare,Both,High,5,4,Website is down/unreachable,+1-276-964-7418,https://www.richlandsfamilydentistry.com/,107 Tazewell Avenue,https://www.google.com/maps/search/?api=1&query=Richlands%20Family%20Dentistry%20Richlands%20VA,OSM,
SW Virginia,Blacksburg,VA,Compass,healthcare,Both,High,5,4,Website is down/unreachable,+1-540-348-4808,https://compassva.com/location/new-river-valley/,1080 South Main Street,https://www.google.com/maps/search/?api=1&query=Compass%20Blacksburg%20VA,OSM,
SW Virginia,Blacksburg,VA,Real Life Dental,healthcare,Both,High,5,4,Website is down/unreachable,+1-540-552-5433,https://www.reallifedentalcare.com/,250 South Main Street,https://www.google.com/maps/search/?api=1&query=Real%20Life%20Dental%20Blacksburg%20VA,OSM,
SW Virginia,Blacksburg,VA,Eyes on Main,healthcare,Both,High,5,4,Website is down/unreachable (ENOTFOUND),+1-540-953-0136,https://www.eyeson620main.com/,620 North Main Street,https://www.google.com/maps/search/?api=1&query=Eyes%20on%20Main%20Blacksburg%20VA,OSM,
SW Virginia,Blacksburg,VA,New River Periodontics,healthcare,Both,High,5,4,Website is down/unreachable,+1-540-951-4848,https://nrvperio.com/,2612 Sheffield Drive,https://www.google.com/maps/search/?api=1&query=New%20River%20Periodontics%20Blacksburg%20VA,OSM,
SW Virginia,Blacksburg,VA,LewisGale Hospital Montgomery,healthcare,Both,High,5,4,Website is down/unreachable,+1 540 951 1111,https://www.hcavirginia.com/locations/lewisgale-hospital-montgomery,3700 South Main Street,https://www.google.com/maps/search/?api=1&query=LewisGale%20Hospital%20Montgomery%20Blacksburg%20VA,OSM,
SW Virginia,Radford,VA,New River Valley Endodontics,healthcare,Both,High,5,4,Website is down/unreachable,+1-540-443-9220,https://www.nrvendo.com/,140 East Main Street,https://www.google.com/maps/search/?api=1&query=New%20River%20Valley%20Endodontics%20Radford%20VA,OSM,
SW Virginia,Christiansburg,VA,Real Life Dental,healthcare,Both,High,5,4,Website is down/unreachable,+1-540-418-6050,https://www.reallifedentalcare.com/,100 Quin W. Stuart Boulevard Northwest,https://www.google.com/maps/search/?api=1&query=Real%20Life%20Dental%20Christiansburg%20VA,OSM,
SW Virginia,Blacksburg,VA,The Creekmore Law Firm,legal,Both,High,5,4,Website is down/unreachable,+1-540-443-9350,https://creekmorelaw.com/,320 North Main Street,https://www.google.com/maps/search/?api=1&query=The%20Creekmore%20Law%20Firm%20Blacksburg%20VA,OSM,
SW Virginia,Pulaski,VA,LewisGale Hospital Pulaski,healthcare,Both,High,5,4,Website is down/unreachable,+1 540 994 8509,https://lewisgale.com/location/lewisgale-hospital-pulaski,2400 Lee Highway,https://www.google.com/maps/search/?api=1&query=LewisGale%20Hospital%20Pulaski%20Pulaski%20VA,OSM,
SW Virginia,Roanoke,VA,Structures Design/Build,engineering,Both,High,5,4,SSL certificate broken/expired; Copyright stuck at 2014,+1-540-774-4800,http://www.structuresdb.com/,3904 Franklin Road,https://www.google.com/maps/search/?api=1&query=Structures%20Design%2FBuild%20Roanoke%20VA,OSM,
SW Virginia,Roanoke,VA,"Joel B. Miller, PLC, Attorney At Law",legal,Both,High,4,5,SSL certificate broken/expired; Uses free email for business (joelmillerlaw@yahoo.com),+1-540-992-1245,http://joelbmillerlaw.com,40 British Woods Drive,https://www.google.com/maps/search/?api=1&query=Joel%20B.%20Miller%2C%20PLC%2C%20Attorney%20At%20Law%20Roanoke%20VA,OSM,
SW Virginia,Roanoke,VA,LewisGale Medical Center,healthcare,Both,High,5,4,Website is down/unreachable,+1 540 776 4000,https://www.hcavirginia.com/locations/lewisgale-medical-center,1900 Electric Road,https://www.google.com/maps/search/?api=1&query=LewisGale%20Medical%20Center%20Roanoke%20VA,OSM,
SW Virginia,Roanoke,VA,New Horizons Healthcare,healthcare,Both,High,5,4,Website is down/unreachable,+1 540 362 0360,https://newhorizonshealthcare.org/,3716 Melrose Avenue Northwest,https://www.google.com/maps/search/?api=1&query=New%20Horizons%20Healthcare%20Roanoke%20VA,OSM,
SW Virginia,Roanoke,VA,Salem Veterans Affairs Medical Center,healthcare,Both,High,5,4,Website is down/unreachable (ENOTFOUND),+1 540 982 2463,https://www.salem.va.gov/,1970 Roanoke Boulevard,https://www.google.com/maps/search/?api=1&query=Salem%20Veterans%20Affairs%20Medical%20Center%20Roanoke%20VA,OSM,
SW Virginia,Roanoke,VA,Planned Parenthood,healthcare,Both,High,5,4,Website is down/unreachable,+1-540-562-3457,https://www.plannedparenthood.org/health-center/virginia/roanoke/24017/roanoke-health-center-2768-90860,2207 Peters Creek Road Northwest,https://www.google.com/maps/search/?api=1&query=Planned%20Parenthood%20Roanoke%20VA,OSM,
Western NC,Asheville,NC,CarePartners Rehabilitation Hospital,healthcare,Both,High,5,4,Website is down/unreachable,+1 828 274 6151,https://www.missionhealth.org/locations/carepartners/specialties/inpatient-physical-rehabilitation,68 Sweeten Creek Road,https://www.google.com/maps/search/?api=1&query=CarePartners%20Rehabilitation%20Hospital%20Asheville%20NC,OSM,
Western NC,Asheville,NC,Roger T. Smith Attorney At Law,legal,Both,High,5,4,Website is down/unreachable (ENOTFOUND),+1-828-254-4658,http://rogertsmithatty.com,70 N Market St,https://www.google.com/maps/search/?api=1&query=Roger%20T.%20Smith%20Attorney%20At%20Law%20Asheville%20NC,OSM,
Western NC,Asheville,NC,Lanford Insurance & Financial Services,finance,Both,High,5,4,Website is down/unreachable (ENOTFOUND),+1-828-484-7401,http://lanfordinsurance.com,303 Stoneridge Boulevard,https://www.google.com/maps/search/?api=1&query=Lanford%20Insurance%20%26%20Financial%20Services%20Asheville%20NC,OSM,
Western NC,Asheville,NC,Hope Women's Cancer Center,healthcare,Both,High,5,4,Website is down/unreachable,+1-828-670-8403,https://www.hopewcc.com/home/,100 Ridgefield Boulevard,https://www.google.com/maps/search/?api=1&query=Hope%20Women's%20Cancer%20Center%20Asheville%20NC,OSM,
Western NC,Asheville,NC,MotherWise Counseling,healthcare,Both,High,5,4,Website is down/unreachable (ENOTFOUND),+1-828-374-0668,https://www.motherwisecounseling.com/,30 Reynolds Rd,https://www.google.com/maps/search/?api=1&query=MotherWise%20Counseling%20Asheville%20NC,OSM,
Western NC,Asheville,NC,Planned Parenthood - Asheville Health Center,healthcare,Both,High,5,4,Website is down/unreachable,+1-828-252-7928,https://www.plannedparenthood.org/health-center/north-carolina/asheville/28801/asheville-health-center-4134-90860,68 McDowell Street,https://www.google.com/maps/search/?api=1&query=Planned%20Parenthood%20-%20Asheville%20Health%20Center%20Asheville%20NC,OSM,
Western NC,Asheville,NC,Mission Hospital,healthcare,Both,High,5,4,Website is down/unreachable,+1 828 213 1111,https://missionhealth.org/member-hospitals/mission/,509 Biltmore Avenue,https://www.google.com/maps/search/?api=1&query=Mission%20Hospital%20Asheville%20NC,OSM,
Western NC,Asheville,NC,Back in Balance,healthcare,Both,High,5,4,Website is down/unreachable,+1-828-274-9799,https://backinbalancewnc.com/,1089 Hendersonville Road,https://www.google.com/maps/search/?api=1&query=Back%20in%20Balance%20Asheville%20NC,OSM,
Western NC,Hendersonville,NC,Forest Commercial Bank,finance,Both,High,5,4,Website is down/unreachable (ENOTFOUND),+1-828-233-0900,https://www.forestcommercialbank.com/,,https://www.google.com/maps/search/?api=1&query=Forest%20Commercial%20Bank%20Hendersonville%20NC,OSM,
Western NC,Hendersonville,NC,Howard Tax Service,accounting,Both,High,5,4,Website is down/unreachable (UNABLE_TO_GET_ISSUER_CERT_LOCALLY),+1 828-692-1271,https://howardtaxservice.com,129 4 Seasons Blvd,https://www.google.com/maps/search/?api=1&query=Howard%20Tax%20Service%20Hendersonville%20NC,OSM,
Western NC,Hendersonville,NC,Dermatology Center of Hendersonville,healthcare,Both,High,5,4,Website is down/unreachable,+1-828-693-0275,https://www.skinsurgerycenter.net/locations/the-skin-surgery-center-hendersonville,506 Park Hill Court,https://www.google.com/maps/search/?api=1&query=Dermatology%20Center%20of%20Hendersonville%20Hendersonville%20NC,OSM,
Western NC,Brevard,NC,King Law Offices,legal,Both,High,5,4,Website is down/unreachable,+1-828-866-3099,https://kinglawoffices.com/areas-we-serve/brevard/dwi-dui-lawyer,191 West Main Street,https://www.google.com/maps/search/?api=1&query=King%20Law%20Offices%20Brevard%20NC,OSM,
Western NC,Brevard,NC,Transylvania Regional Hospital,healthcare,Both,High,5,4,Website is down/unreachable,+1 828 884 9111,https://www.missionhealth.org/locations/transylvania-regional-hospital,260 Hospital Drive,https://www.google.com/maps/search/?api=1&query=Transylvania%20Regional%20Hospital%20Brevard%20NC,OSM,
Western NC,Waynesville,NC,Beth Dunaway,finance,Both,High,5,4,Website is down/unreachable (ENOTFOUND),+1-828-456-9471,https://www.bethdunaway.com,,https://www.google.com/maps/search/?api=1&query=Beth%20Dunaway%20Waynesville%20NC,OSM,
Western NC,Waynesville,NC,Teeth Tomorrow Asheville,healthcare,Both,High,5,4,Website is down/unreachable (ENOTFOUND),+1-828-348-4998,https://teethtomorrowasheville.com,78 Nelson Street,https://www.google.com/maps/search/?api=1&query=Teeth%20Tomorrow%20Asheville%20Waynesville%20NC,OSM,
Western NC,Sylva,NC,Moore Insurance Agency,finance,Both,High,5,4,Website is down/unreachable,+1-828-497-7832,https://kentmooreinsurance.com/,300 US-441,https://www.google.com/maps/search/?api=1&query=Moore%20Insurance%20Agency%20Sylva%20NC,OSM,
Western NC,Sylva,NC,River Walk,realestate,Both,High,5,4,Website is down/unreachable,+1-828-341-1053,https://rwapt.com,31 Antler Drive,https://www.google.com/maps/search/?api=1&query=River%20Walk%20Sylva%20NC,OSM,
Western NC,Boone,NC,Village Real Estate,realestate,Both,High,5,4,Website is down/unreachable (ENOTFOUND),+1 828 295 0776,http://www.villagerealestatenc.com/,1127 Main Street,https://www.google.com/maps/search/?api=1&query=Village%20Real%20Estate%20Boone%20NC,OSM,
Western NC,Boone,NC,Turlington Law Firm,legal,Both,High,5,4,Website is down/unreachable (EAI_AGAIN),+1-828-263-8860,https://www.davidturlington.com/,184 North Water Street,https://www.google.com/maps/search/?api=1&query=Turlington%20Law%20Firm%20Boone%20NC,OSM,
Western NC,Boone,NC,"Jerry L. Butler, D.D.S., M.A.G.D.",healthcare,Both,High,5,4,Website is down/unreachable (CERT_HAS_EXPIRED),+1-828-264-5858,https://www.drbutler.net/,851 Blowing Rock Rd,https://www.google.com/maps/search/?api=1&query=Jerry%20L.%20Butler%2C%20D.D.S.%2C%20M.A.G.D.%20Boone%20NC,OSM,
Western NC,Boone,NC,King Law,legal,Both,High,5,4,Website is down/unreachable,+1-828-355-4463,https://kinglawoffices.com/office-locations/north-carolina/boone,719 Greenway Road,https://www.google.com/maps/search/?api=1&query=King%20Law%20Boone%20NC,OSM,
Western NC,Spruce Pine,NC,Blue Ridge Regional Hospital,healthcare,Both,High,5,4,Website is down/unreachable,+1 828 213 1111,https://www.missionhealth.org/locations/blue-ridge-regional-hospital,125 Hospital Drive,https://www.google.com/maps/search/?api=1&query=Blue%20Ridge%20Regional%20Hospital%20Spruce%20Pine%20NC,OSM,
Western NC,Marion,NC,Lake James Urgent Care,healthcare,Both,High,5,4,Website is down/unreachable,+1-828-707-7272,https://lakejamesurgentcare.com/,1610 NC Highway 126,https://www.google.com/maps/search/?api=1&query=Lake%20James%20Urgent%20Care%20Marion%20NC,OSM,
Western NC,Marion,NC,Mission Hospital McDowell,healthcare,Both,High,5,4,Website is down/unreachable,+1 828 659 5000,https://www.missionhealth.org/locations/mission-hospital-mcdowell,430 Rankin Drive,https://www.google.com/maps/search/?api=1&query=Mission%20Hospital%20McDowell%20Marion%20NC,OSM,
Western NC,Morganton,NC,Magnolia Lane Nursing Home,healthcare,Both,High,5,4,Website is down/unreachable,+1-828-437-8760,https://www.magnolialanecare.com/,107 Magnolia Drive,https://www.google.com/maps/search/?api=1&query=Magnolia%20Lane%20Nursing%20Home%20Morganton%20NC,OSM,
Western NC,Hickory,NC,Winkler Real Estate,realestate,Both,High,5,4,Website is down/unreachable (ENOTFOUND),+1 828 3962988,https://www.winklerrealestatenc.com/,532 Dudley Shoals Road,https://www.google.com/maps/search/?api=1&query=Winkler%20Real%20Estate%20Hickory%20NC,OSM,
Western NC,Lenoir,NC,The Property Shop,realestate,Both,High,5,4,Website is down/unreachable,+1 828 7285037,https://thepropertyshop.com/,1248 Hickory Blvd SW,https://www.google.com/maps/search/?api=1&query=The%20Property%20Shop%20Lenoir%20NC,OSM,
Western NC,Lenoir,NC,Lenoir Family Medicine,healthcare,Both,High,5,4,Website is down/unreachable (UND_ERR_CONNECT_TIMEOUT),+1 828-991-4660,https://www.carolinashealthcareblueridge.org/lenoir-family-medicine,1041 Morganton Boulevard Southwest,https://www.google.com/maps/search/?api=1&query=Lenoir%20Family%20Medicine%20Lenoir%20NC,OSM,
Western NC,Hickory,NC,King Law,legal,Both,High,5,4,Website is down/unreachable,+1-828-270-7788,https://kinglawoffices.com/office-locations/north-carolina/hickory,1351 North Center Street,https://www.google.com/maps/search/?api=1&query=King%20Law%20Hickory%20NC,OSM,
Western NC,Hickory,NC,J. Mark Helton General Dentistry,healthcare,Both,High,5,4,Website is down/unreachable,+1-828-325-0844,https://www.heltondentistry.com/,2540 15th Street Northeast,https://www.google.com/maps/search/?api=1&query=J.%20Mark%20Helton%20General%20Dentistry%20Hickory%20NC,OSM,
Western NC,Hickory,NC,Atlantic Packaging,manufacturing,Both,High,5,4,Website is down/unreachable,+1-828-328-1886,https://www.atlanticpkg.com/,2835 Tate Boulevard Southeast,https://www.google.com/maps/search/?api=1&query=Atlantic%20Packaging%20Hickory%20NC,OSM,
NE Tennessee,Johnson City,TN,James R. Miller II Attorney at Law,legal,Both,High,4,4,Copyright stuck at 2018; Uses free email for business (jimrmiller2@gmail.com); Business email is jimrmiller2@gmail.com,+1-423-926-2714,https://jamesrmiller2attorneyatlaw.com/,200 East Main Street,https://www.google.com/maps/search/?api=1&query=James%20R.%20Miller%20II%20Attorney%20at%20Law%20Johnson%20City%20TN,OSM,
Western NC,Hendersonville,NC,Pinnacle Falls,realestate,Both,High,4,4,Copyright stuck at 2018; WordPress 3.7 (outdated); Business email is ajball1003@aol.com,+1-828-606-3030,https://www.pinnaclefalls.com/,,https://www.google.com/maps/search/?api=1&query=Pinnacle%20Falls%20Hendersonville%20NC,OSM,
NE Tennessee,Johnson City,TN,Jinx Proof Tattoo Emporium,retail,Website,High,6,3,Website is down/unreachable (ENOTFOUND); Business email is jinxpt78@gmail.com,+1-423-928-9453,https://www.jinxprooftattooemporium.com/,735 West Walnut Street,https://www.google.com/maps/search/?api=1&query=Jinx%20Proof%20Tattoo%20Emporium%20Johnson%20City%20TN,OSM,
NE Tennessee,Elizabethton,TN,The Black Olive,food,Website,High,6,3,Website is down/unreachable; Business email is theblackolive125@gmail.com,+1-423-543-8400,https://theblackolivetn.com/,173 Hudson Drive,https://www.google.com/maps/search/?api=1&query=The%20Black%20Olive%20Elizabethton%20TN,OSM,
NE Tennessee,Johnson City,TN,Fearless Coffee & Kitchen,food,Website,High,6,3,Website is down/unreachable; Business email is mrnoahjayblakely@gmail.com,+1-423-796-0809,https://fearlessjc.com/,500 West Walnut Street,https://www.google.com/maps/search/?api=1&query=Fearless%20Coffee%20%26%20Kitchen%20Johnson%20City%20TN,OSM,
NE Tennessee,Elizabethton,TN,Glamour Fur,retail,Website,High,6,3,Website is down/unreachable; Business email is glamourfurgroomingsalon@aol.com,+1-423-530-3393,https://booking.moego.pet/ol/GlamourFurGroomingSalon/landing,5653 Highway 11E,https://www.google.com/maps/search/?api=1&query=Glamour%20Fur%20Elizabethton%20TN,OSM,
NE Tennessee,Elizabethton,TN,Elizabethton Collision Center,auto,Website,High,6,3,Website is down/unreachable; Business email is elizabethtoncollision@gmail.com,+1-423-213-5507,https://www.elizcc.com/,4036 Veterans Memorial Parkway,https://www.google.com/maps/search/?api=1&query=Elizabethton%20Collision%20Center%20Elizabethton%20TN,OSM,
Upstate/N SC,Spartanburg,SC,Lewis Cleaning & Painting Service,trades,Website,High,6,3,Website is down/unreachable (ENOTFOUND); Business email is lewiscleaning@att.net,+1-864-585-4122,https://www.lewiscleaningandpainting.com/,551 Pinckney Court,https://www.google.com/maps/search/?api=1&query=Lewis%20Cleaning%20%26%20Painting%20Service%20Spartanburg%20SC,OSM,
SE Kentucky,Whitesburg,KY,Roundabout Music Company,retail,Website,High,6,3,Website is down/unreachable (ENOTFOUND); Business email is roundaboutmusicky@gmail.com,+1 606 6335030,http://www.roundabout-music.com,,https://www.google.com/maps/search/?api=1&query=Roundabout%20Music%20Company%20Whitesburg%20KY,OSM,
SW Virginia,Bristol,VA,Blakley-Mitchell,retail,Website,High,6,3,Website is down/unreachable (ENOTFOUND); Business email is blakleym517@yahoo.com,+1-276-669-0116,http://blakley-mitchell.com,,https://www.google.com/maps/search/?api=1&query=Blakley-Mitchell%20Bristol%20VA,OSM,
SW Virginia,Bristol,VA,Japan Karate-Do Organization,fitness,Website,High,6,3,Website is down/unreachable (ENOTFOUND); Business email is jkobristol@gmail.com,+1-276-466-4481,http://jko-bristol.com/,503 State Street,https://www.google.com/maps/search/?api=1&query=Japan%20Karate-Do%20Organization%20Bristol%20VA,OSM,
SW Virginia,Bristol,VA,Pen's Floral,retail,Website,High,6,3,Website is down/unreachable; Business email is pensj635@yahoo.com,+1 276-644-4600,https://www.pensfloral.net/,,https://www.google.com/maps/search/?api=1&query=Pen's%20Floral%20Bristol%20VA,OSM,
SW Virginia,Bristol,VA,Machiavelli's,food,Website,High,6,3,Website is down/unreachable (ENOTFOUND); Business email is machsdowntown@gmail.com,+1-423-573-9955,http://www.machsdowntown.com,,https://www.google.com/maps/search/?api=1&query=Machiavelli's%20Bristol%20VA,OSM,
SW Virginia,Bristol,VA,State Line Bar & Grille,food,Website,High,6,3,Website is down/unreachable; Business email is www.stateline646@yahoo.com,+1-423-652-0792,https://www.statelinebristol.com/,644 State Street,https://www.google.com/maps/search/?api=1&query=State%20Line%20Bar%20%26%20Grille%20Bristol%20VA,OSM,
SW Virginia,Bristol,VA,Serendipity Boutique,retail,Website,High,6,3,Website is down/unreachable; Business email is experienceserendipity@gmail.com,+1-276-644-9695,http://experienceserendipity.blogspot.de/,705 State Street,https://www.google.com/maps/search/?api=1&query=Serendipity%20Boutique%20Bristol%20VA,OSM,
SW Virginia,Bristol,VA,The Mad Hatter Salon,retail,Website,High,6,3,Website is down/unreachable (ENOTFOUND); Business email is themadhattersalon@gmail.com,+1 276-466-1010,http://themadhattersalon.com/,"12, 14 Piedmont Avenue",https://www.google.com/maps/search/?api=1&query=The%20Mad%20Hatter%20Salon%20Bristol%20VA,OSM,
SW Virginia,Bristol,VA,Shang Hai,food,Website,High,6,3,Website is down/unreachable (ENOTFOUND); Business email is Shanghai.rest@gmail.com,+1 276-669-9000,https://www.shanghaibristol.com/,711 State Street,https://www.google.com/maps/search/?api=1&query=Shang%20Hai%20Bristol%20VA,OSM,
SW Virginia,Christiansburg,VA,Sandro's Pizzeria Italian Restaurant,food,Website,High,6,3,Website is down/unreachable; Business email is sandrospizza@gmail.com,+1-540-585-1212,https://www.sandrospizza.com/,2775 Market Street Northeast,https://www.google.com/maps/search/?api=1&query=Sandro's%20Pizzeria%20Italian%20Restaurant%20Christiansburg%20VA,OSM,
SW Virginia,Blacksburg,VA,Main & Henry Extended Stay Residences,hospitality,Website,High,6,3,Copyright stuck at 2023; GoDaddy site builder; WordPress 2.10 (outdated); Uses free email for business (mainandhenry@gmail.com); Business email is mainandhenry@gmail.com,+1-540-553-1000,https://mainandhenry.com/,1307 North Main Street,https://www.google.com/maps/search/?api=1&query=Main%20%26%20Henry%20Extended%20Stay%20Residences%20Blacksburg%20VA,OSM,
SW Virginia,Christiansburg,VA,Gardner’s Grill,food,Website,High,6,3,Website is down/unreachable; Business email is gftandgrill@gmail.com,+15402671968,https://gftandgrill.com/,Roanoke Street,https://www.google.com/maps/search/?api=1&query=Gardner%E2%80%99s%20Grill%20Christiansburg%20VA,OSM,
Western NC,Hendersonville,NC,Mezzaluna,food,Website,High,6,3,Website is down/unreachable; Business email is mezzalunahendersonville@gmail.com,+1-828-697-6575,https://www.mezzaluna-hendersonville.com/,,https://www.google.com/maps/search/?api=1&query=Mezzaluna%20Hendersonville%20NC,OSM,
Western NC,Boone,NC,Boxwood Lodge,hospitality,Website,High,6,3,Website is down/unreachable (CERT_HAS_EXPIRED); Business email is boxwoodlodgebr@gmail.com,+1 828 295 9984,http://www.boxwoodlodge.com/,671 Main Street,https://www.google.com/maps/search/?api=1&query=Boxwood%20Lodge%20Boone%20NC,OSM,
Western NC,Asheville,NC,Tiger Bang’s World Martial Arts Academy,fitness,Website,High,6,2,SSL certificate broken/expired; Copyright stuck at 2013; GoDaddy site builder,+1-828-667-4090,http://www.tigerkicks.com/about-grand-master.html,1249 Smokey Park Highway,https://www.google.com/maps/search/?api=1&query=Tiger%20Bang%E2%80%99s%20World%20Martial%20Arts%20Academy%20Asheville%20NC,OSM,
NE Tennessee,Johnson City,TN,Social Security Administration,professional,Website,High,5,2,Website is down/unreachable (UNABLE_TO_VERIFY_LEAF_SIGNATURE),+1-866-964-5059,https://www.ssa.gov/,818 Sunset Drive,https://www.google.com/maps/search/?api=1&query=Social%20Security%20Administration%20Johnson%20City%20TN,OSM,
NE Tennessee,Johnson City,TN,Artisans' Village,retail,Website,High,5,2,Website is down/unreachable,+1-423-215-2019,https://artisansvillagejc.wixsite.com/home,300 East Main Street,https://www.google.com/maps/search/?api=1&query=Artisans'%20Village%20Johnson%20City%20TN,OSM,
NE Tennessee,Elizabethton,TN,Nanny's,food,Website,High,5,2,Website is down/unreachable,+1-423-543-3336,https://m.zmenu.com/nannys-country-kitchen-elizabethton-online-menu/,112 E Elk Ave,https://www.google.com/maps/search/?api=1&query=Nanny's%20Elizabethton%20TN,OSM,
NE Tennessee,Johnson City,TN,The Black Olive,food,Website,High,5,2,Website is down/unreachable,+1-423-788-3618,https://theblackolivetn.com/,202 East Main Street,https://www.google.com/maps/search/?api=1&query=The%20Black%20Olive%20Johnson%20City%20TN,OSM,
NE Tennessee,Johnson City,TN,Enkore Salon,retail,Website,High,5,2,Website is down/unreachable,+1-423-929-2918,https://enkoresalon.com/,4703 North Roan Street,https://www.google.com/maps/search/?api=1&query=Enkore%20Salon%20Johnson%20City%20TN,OSM,
NE Tennessee,Johnson City,TN,787 Bar & Grill,food,Website,High,5,2,Website is down/unreachable,+1-423-390-0984,https://787bargrill.com/,1000 South Roan Street,https://www.google.com/maps/search/?api=1&query=787%20Bar%20%26%20Grill%20Johnson%20City%20TN,OSM,
NE Tennessee,Johnson City,TN,Harbor House Seafood Restaurant,food,Website,High,5,2,Website is down/unreachable,+1-423-282-5122,https://www.harborhousejc.com/,2510 North Roan Street,https://www.google.com/maps/search/?api=1&query=Harbor%20House%20Seafood%20Restaurant%20Johnson%20City%20TN,OSM,
NE Tennessee,Jonesborough,TN,Victory Fit,fitness,Website,High,5,2,Website is down/unreachable,+1-423-796-6048,https://bevictoryfit.com/,220 North 2nd Avenue,https://www.google.com/maps/search/?api=1&query=Victory%20Fit%20Jonesborough%20TN,OSM,
NE Tennessee,Johnson City,TN,Mahoney's Outfitters,retail,Website,High,5,2,Website is down/unreachable,+1-423-282-5413,https://mahoneysports.com/,378 378 Marketplace Blvd,https://www.google.com/maps/search/?api=1&query=Mahoney's%20Outfitters%20Johnson%20City%20TN,OSM,
NE Tennessee,Johnson City,TN,Mad Greek,food,Website,High,5,2,Website is down/unreachable,+1-423-328-9070,http://www.madgreekrest.net/,2010 Franklin Terrace Court,https://www.google.com/maps/search/?api=1&query=Mad%20Greek%20Johnson%20City%20TN,OSM,
NE Tennessee,Johnson City,TN,Magic Wok Chinese Restaurant,food,Website,High,5,2,Website is down/unreachable (CERT_HAS_EXPIRED),+1-423-524-9565,https://www.magicwokchinesetn.com/,701 South Roan Street,https://www.google.com/maps/search/?api=1&query=Magic%20Wok%20Chinese%20Restaurant%20Johnson%20City%20TN,OSM,
NE Tennessee,Elizabethton,TN,Miso,food,Website,High,5,2,Website is down/unreachable,+1-423-543-8889,https://www.menupix.com/menudirectory/menu.php?id=28656021,421 West Elk Avenue,https://www.google.com/maps/search/?api=1&query=Miso%20Elizabethton%20TN,OSM,
NE Tennessee,Kingsport,TN,Wasabi Japanese Steakhouse & Sushi Bar,food,Website,High,5,2,Website is down/unreachable (ENOTFOUND),+14237659388,https://www.wasabikingsport.com/,1805 North Eastman Road,https://www.google.com/maps/search/?api=1&query=Wasabi%20Japanese%20Steakhouse%20%26%20Sushi%20Bar%20Kingsport%20TN,OSM,
NE Tennessee,Kingsport,TN,Krazy Chicken International,food,Website,High,5,2,Website is down/unreachable (ERR_TLS_CERT_ALTNAME_INVALID),+14237652844,https://krazychickenintl.com/,2301 Fort Henry Drive,https://www.google.com/maps/search/?api=1&query=Krazy%20Chicken%20International%20Kingsport%20TN,OSM,
NE Tennessee,Kingsport,TN,Kustom Kar,auto,Website,High,5,2,Website is down/unreachable (UND_ERR_CONNECT_TIMEOUT),+14232465777,http://www.kustom-kar.com/,2303 Fort Henry Drive,https://www.google.com/maps/search/?api=1&query=Kustom%20Kar%20Kingsport%20TN,OSM,
NE Tennessee,Bristol,TN,Alumni Hall,retail,Website,High,5,2,Website is down/unreachable,+1 423-652-0231,https://www.alumnihall.com/,426 Pinnacle Parkway,https://www.google.com/maps/search/?api=1&query=Alumni%20Hall%20Bristol%20TN,OSM,
NE Tennessee,Bristol,TN,Air Movers,trades,Website,High,5,2,Website is down/unreachable (UND_ERR_CONNECT_TIMEOUT),+14237642424,https://www.airmoversbristol.com/,1008 Bluff City Highway,https://www.google.com/maps/search/?api=1&query=Air%20Movers%20Bristol%20TN,OSM,
NE Tennessee,Bristol,TN,CAPS Cycles,auto,Website,High,5,2,Website is down/unreachable,+14239689241,http://www.dexknows.com/rd?dku=http%3a%2f%2fwww.dexknows.com%2fbusiness_profiles%2fcaps_cycle_llc-b18032&mkt=63801,918 Bluff City Highway,https://www.google.com/maps/search/?api=1&query=CAPS%20Cycles%20Bristol%20TN,OSM,
NE Tennessee,Bristol,TN,Bristol Mini Storage,retail,Website,High,5,2,Website is down/unreachable (ENOTFOUND),+14232643302,https://www.bristolministoragetn.com/,1201 Bluff City Highway,https://www.google.com/maps/search/?api=1&query=Bristol%20Mini%20Storage%20Bristol%20TN,OSM,
NE Tennessee,Elizabethton,TN,Amber's Country Cookin,food,Website,High,5,2,Website is down/unreachable,+1-423-725-3200,https://m.zmenu.com/ambers-country-cookin-hampton-online-menu/,403 Hwy 67 W,https://www.google.com/maps/search/?api=1&query=Amber's%20Country%20Cookin%20Elizabethton%20TN,OSM,
NE Tennessee,Elizabethton,TN,Hampton Trails Bike Shop,retail,Website,High,5,2,Website is down/unreachable,+1-423-725-5000,https://www.hamptontrails.com/,,https://www.google.com/maps/search/?api=1&query=Hampton%20Trails%20Bike%20Shop%20Elizabethton%20TN,OSM,
NE Tennessee,Elizabethton,TN,Tri-Liquor,retail,Website,High,4,3,SSL certificate broken/expired; WordPress 5.9 (outdated),+1-423-538-7000,http://triliquor.com/,6641 Bristol Highway,https://www.google.com/maps/search/?api=1&query=Tri-Liquor%20Elizabethton%20TN,OSM,
NE Tennessee,Elizabethton,TN,2 Dudes Gaming,retail,Website,High,5,2,Website is down/unreachable (UNABLE_TO_GET_ISSUER_CERT_LOCALLY),+1-423-297-1688,https://www.2dudesgaming.com,819 Broad Street,https://www.google.com/maps/search/?api=1&query=2%20Dudes%20Gaming%20Elizabethton%20TN,OSM,
NE Tennessee,Elizabethton,TN,Americourt Hotel Elizabethton,hospitality,Website,High,5,2,Website is down/unreachable (UND_ERR_CONNECT_TIMEOUT),+1-423-542-4466,https://www.americourthotels.com/elizabethton.html,1515 Veterans Memorial Parkway,https://www.google.com/maps/search/?api=1&query=Americourt%20Hotel%20Elizabethton%20Elizabethton%20TN,OSM,
NE Tennessee,Elizabethton,TN,Sportsmans Auto Sales,auto,Website,High,5,2,Website is down/unreachable (ERR_TLS_CERT_ALTNAME_INVALID),+1-423-543-8300,https://www.sportsmansauto.com/,3861 Veterans Memorial Parkway,https://www.google.com/maps/search/?api=1&query=Sportsmans%20Auto%20Sales%20Elizabethton%20TN,OSM,
NE Tennessee,Elizabethton,TN,Interstate Motors,auto,Website,High,5,2,Website is down/unreachable (ERR_TLS_CERT_ALTNAME_INVALID),+1-423-542-5443,https://www.interstatemotorstn.com/,4256 US 19E,https://www.google.com/maps/search/?api=1&query=Interstate%20Motors%20Elizabethton%20TN,OSM,
NE Tennessee,Elizabethton,TN,Pickers Fine Antiques Mall,retail,Website,High,5,2,Website is down/unreachable (ENOTFOUND),+1-423-725-2770,http://www.pickersfineantiques.com,5124 US 19E,https://www.google.com/maps/search/?api=1&query=Pickers%20Fine%20Antiques%20Mall%20Elizabethton%20TN,OSM,
NE Tennessee,Elizabethton,TN,East Tennessee Sports Complex and RV Park,fitness,Website,High,5,2,Website is down/unreachable (ENOTFOUND),+1-423-543-6730,http://www.etsportscomplex.com/,103 Smoky Mountain Place,https://www.google.com/maps/search/?api=1&query=East%20Tennessee%20Sports%20Complex%20and%20RV%20Park%20Elizabethton%20TN,OSM,
NE Tennessee,Greeneville,TN,Aubrey's - Greeneville,food,Website,High,5,2,Website is down/unreachable,+1-423-823-9691,https://aubreysrestaurants.com/greeneville/,885 West Andrew Johnson Highway,https://www.google.com/maps/search/?api=1&query=Aubrey's%20-%20Greeneville%20Greeneville%20TN,OSM,
NE Tennessee,Erwin,TN,Clinchfield Sub Station,food,Website,High,5,2,Website is down/unreachable (ENOTFOUND),+1-423-735-3261,https://clinchfieldsubstation.com/,,https://www.google.com/maps/search/?api=1&query=Clinchfield%20Sub%20Station%20Erwin%20TN,OSM,
NE Tennessee,Erwin,TN,Clarence's Drive In,food,Website,High,5,2,Website is down/unreachable,+1-423-743-7200,https://clarences-drive-in.business.site/,1502 North Main Avenue,https://www.google.com/maps/search/?api=1&query=Clarence's%20Drive%20In%20Erwin%20TN,OSM,
NE Tennessee,Rogersville,TN,Simply You Day Spa,retail,Website,High,5,2,Website is down/unreachable (ENOTFOUND),+1-423-272-5503,https://www.simplyyoudayspa.com/,4025 TN-66,https://www.google.com/maps/search/?api=1&query=Simply%20You%20Day%20Spa%20Rogersville%20TN,OSM,
NE Tennessee,Morristown,TN,Aubrey's - Morristown,food,Website,High,5,2,Website is down/unreachable,+1-423-616-0900,https://aubreysrestaurants.com/morristown/,4333 Evan Greene Plaza,https://www.google.com/maps/search/?api=1&query=Aubrey's%20-%20Morristown%20Morristown%20TN,OSM,
Upstate/N SC,Greenville,SC,Renee Carolla Photography,trades,Website,High,5,2,Website is down/unreachable (ENOTFOUND),+1 864 241 7702,http://www.reneecarolla.com/,,https://www.google.com/maps/search/?api=1&query=Renee%20Carolla%20Photography%20Greenville%20SC,OSM,
Upstate/N SC,Greenville,SC,American Homepride,trades,Website,High,5,2,Website is down/unreachable (ENOTFOUND),+1-864-990-5526,http://www.americanhomepride.com,284 Rocky Creek Road,https://www.google.com/maps/search/?api=1&query=American%20Homepride%20Greenville%20SC,OSM,
Upstate/N SC,Greenville,SC,Designs Unlimited,trades,Website,High,5,2,Website is down/unreachable (ENOTFOUND),+1 864 246 5153,http://dutshirts.com,5205 Old Buncombe Road,https://www.google.com/maps/search/?api=1&query=Designs%20Unlimited%20Greenville%20SC,OSM,
Upstate/N SC,Greenville,SC,React Roofing - Commercial & Industrial,trades,Website,High,5,2,Website is down/unreachable (CERT_HAS_EXPIRED),+1 864 999 4040,https://reactroofing.com/greenville/commercial,1200 East Washington Street,https://www.google.com/maps/search/?api=1&query=React%20Roofing%20-%20Commercial%20%26%20Industrial%20Greenville%20SC,OSM,
Upstate/N SC,Greenville,SC,Bagatelle Caterers,trades,Website,High,5,2,Website is down/unreachable,+1-864-322-9001,https://bagatellecaterers.com,,https://www.google.com/maps/search/?api=1&query=Bagatelle%20Caterers%20Greenville%20SC,OSM,
Upstate/N SC,Greenville,SC,Color Clay Cafe,trades,Website,High,5,2,SSL certificate broken/expired; Copyright stuck at 2012,+1-864-244-3445,http://www.colorclaycafe.com/,2518 East North Street,https://www.google.com/maps/search/?api=1&query=Color%20Clay%20Cafe%20Greenville%20SC,OSM,
Upstate/N SC,Greenville,SC,Fastlane Graphics,trades,Website,High,5,2,Website is down/unreachable (ENOTFOUND),+18642421112,http://fastlanegreenville.com/,10 Old Grove Road,https://www.google.com/maps/search/?api=1&query=Fastlane%20Graphics%20Greenville%20SC,OSM,
Upstate/N SC,Greenville,SC,Greenville Center For Mindfulness,healthcare,Website,High,5,2,Domain parked — site is gone,+1-864-616-5499,http://greenvillecenter.com,45 Greenland Drive,https://www.google.com/maps/search/?api=1&query=Greenville%20Center%20For%20Mindfulness%20Greenville%20SC,OSM,
Upstate/N SC,Greenville,SC,Viper Electric,trades,Website,High,5,2,Website is down/unreachable,+1-864-304-1734,https://www.viperelectricsc.com,3130 River Road,https://www.google.com/maps/search/?api=1&query=Viper%20Electric%20Greenville%20SC,OSM,
Upstate/N SC,Greer,SC,L3 Paper & Paint,trades,Website,High,6,1,Not mobile-friendly (no viewport meta); Uses Flash (dead tech); WordPress 4.7 (outdated),+1-864-621-8571,https://l3paperandpaint.com/,212 Beech Springs Road,https://www.google.com/maps/search/?api=1&query=L3%20Paper%20%26%20Paint%20Greer%20SC,OSM,
Upstate/N SC,Spartanburg,SC,Double Aught Injury Lawyers,legal,Website,High,4,3,Uses Flash (dead tech); WordPress 3.7 (outdated),+1-864-597-0000,https://call00.com/,145 North Church Street,https://www.google.com/maps/search/?api=1&query=Double%20Aught%20Injury%20Lawyers%20Spartanburg%20SC,OSM,
SE Kentucky,Pikeville,KY,Mr. Gatti's Pizza,food,Website,High,5,2,Website is down/unreachable,+1 606 432 4386,https://mrgattispizza.com/homepage/locations/gattis-pizza-pikeville/,274 Cassidy Boulevard,https://www.google.com/maps/search/?api=1&query=Mr.%20Gatti's%20Pizza%20Pikeville%20KY,OSM,
SE Kentucky,Paintsville,KY,Click Brothers Inc.,professional,Website,High,5,2,Website is down/unreachable (ENOTFOUND),+1-606-788-0102,https://www.clickbrothersinc.com/,111 Goble Branch,https://www.google.com/maps/search/?api=1&query=Click%20Brothers%20Inc.%20Paintsville%20KY,OSM,
SE Kentucky,Paintsville,KY,"S & S Signs, Banners and Apparel",professional,Website,High,5,2,Website is down/unreachable (ENOTFOUND),+1-606-789-0090,http://sandssignsandbanners.com,830 Broadway,https://www.google.com/maps/search/?api=1&query=S%20%26%20S%20Signs%2C%20Banners%20and%20Apparel%20Paintsville%20KY,OSM,
SE Kentucky,Middlesboro,KY,Redmond CDJR,auto,Website,High,5,2,Website is down/unreachable (UND_ERR_CONNECT_TIMEOUT),+1 606-248-3444,https://www.redmondcdjr.com,1935 US Highway 25E,https://www.google.com/maps/search/?api=1&query=Redmond%20CDJR%20Middlesboro%20KY,OSM,
SE Kentucky,Middlesboro,KY,Redmond Chevrolet,auto,Website,High,5,2,Website is down/unreachable (UND_ERR_CONNECT_TIMEOUT),+1 606-598-2186,https://www.redmondchevrolet.com,1701 Cumberland Avenue,https://www.google.com/maps/search/?api=1&query=Redmond%20Chevrolet%20Middlesboro%20KY,OSM,
SE Kentucky,Corbin,KY,Dreamworld Adult Store,retail,Website,High,5,2,Website is down/unreachable (ENOTFOUND),+1-606-258-8808,https://www.dreamworldadult.com/,11718 N US Highway 25e,https://www.google.com/maps/search/?api=1&query=Dreamworld%20Adult%20Store%20Corbin%20KY,OSM,
SE Kentucky,Corbin,KY,Bolton's Towing & Repair,auto,Website,High,5,2,Website is down/unreachable (ENOTFOUND),+1-606-523-1132,http://boltonstowingandrepair.com,235 West Cumberland Gap Parkway,https://www.google.com/maps/search/?api=1&query=Bolton's%20Towing%20%26%20Repair%20Corbin%20KY,OSM,
SE Kentucky,Corbin,KY,Brooklyn Brothers Pizzeria,food,Website,High,5,2,Website is down/unreachable (ENOTFOUND),+1-606-729-0376,https://www.brooklynbrotherspizzeriamenu.com/?utm_source=gbp,1899 Cumberland Falls Highway,https://www.google.com/maps/search/?api=1&query=Brooklyn%20Brothers%20Pizzeria%20Corbin%20KY,OSM,
SE Kentucky,Corbin,KY,O'Neil-Lawson Funeral Home,retail,Website,High,5,2,Website is down/unreachable,+1-606-528-4411,https://www.oneilfh.com/,204 North Kentucky Avenue,https://www.google.com/maps/search/?api=1&query=O'Neil-Lawson%20Funeral%20Home%20Corbin%20KY,OSM,
SE Kentucky,London,KY,A Shade Darker,auto,Website,High,5,2,Website is down/unreachable,+1-606-770-5155,https://www.ashadedarkeronline.com,605 West Highway 192,https://www.google.com/maps/search/?api=1&query=A%20Shade%20Darker%20London%20KY,OSM,
SE Kentucky,London,KY,Laurel Medical Services,healthcare,Website,High,4,3,Facebook/Instagram page instead of a real website,+1-606-657-2345,https://www.instagram.com/Laurelmedicalservices,421 W HWY 80,https://www.google.com/maps/search/?api=1&query=Laurel%20Medical%20Services%20London%20KY,OSM,
SE Kentucky,London,KY,Koi Express,food,Website,High,5,2,Website is down/unreachable,+1-606-389-5507,https://www.koiexpress.com/,1750 Hwy 192 W,https://www.google.com/maps/search/?api=1&query=Koi%20Express%20London%20KY,OSM,
SE Kentucky,London,KY,Don Franklin Ford Lincoln,auto,Website,High,5,2,Website is down/unreachable,+1-606-864-3555,https://www.donfranklinfordlondon.com/,425 South Laurel Road,https://www.google.com/maps/search/?api=1&query=Don%20Franklin%20Ford%20Lincoln%20London%20KY,OSM,
Southern WV,Princeton,WV,Personal Touch The Fish Superstore,retail,Website,High,5,2,Website is down/unreachable (ENOTFOUND),+1-304-487-0742,https://www.fishsuperstore.biz/,118 Needham Pl,https://www.google.com/maps/search/?api=1&query=Personal%20Touch%20The%20Fish%20Superstore%20Princeton%20WV,OSM,
Southern WV,Welch,WV,Fanning Funeral Home,retail,Website,High,5,2,Website is down/unreachable,+1 304 875 4800,https://www.fanningfuneralhomes.com/,11950 Main Street,https://www.google.com/maps/search/?api=1&query=Fanning%20Funeral%20Home%20Welch%20WV,OSM,
Southern WV,Oak Hill/Fayetteville,WV,Master Roofing Systems,trades,Website,High,5,2,Website is down/unreachable (EAI_AGAIN),+1 304-253-4800,https://masterroofingpro.com/,115 Main St,https://www.google.com/maps/search/?api=1&query=Master%20Roofing%20Systems%20Oak%20Hill%2FFayetteville%20WV,OSM,
Southern WV,Beckley,WV,Fujiyama Japanese Steak House,food,Website,High,5,2,Website is down/unreachable,+1-304-250-0288,https://fujiyamabeckley.com/,2003 Harper Road,https://www.google.com/maps/search/?api=1&query=Fujiyama%20Japanese%20Steak%20House%20Beckley%20WV,OSM,
Southern WV,Beckley,WV,Second Street Service Center,auto,Website,High,5,2,Website is down/unreachable (ENOTFOUND),+1-304-929-2400,https://www.secondstreetservicecenter.com/,509 2nd Street,https://www.google.com/maps/search/?api=1&query=Second%20Street%20Service%20Center%20Beckley%20WV,OSM,
Southern WV,Beckley,WV,Arch Coal Beckley,retail,Website,High,5,2,Website is down/unreachable,+13049294280,http://www.archcoal.com/aboutus/beckley.aspx,2221 Old Eccles Road,https://www.google.com/maps/search/?api=1&query=Arch%20Coal%20Beckley%20Beckley%20WV,OSM,
Southern WV,Beckley,WV,Burning Rock Outdoor Adventure Park,professional,Website,High,5,2,Website is down/unreachable,+1 877 573 2001,https://www.burningrockwv.com/,171 Burning Rock Drive,https://www.google.com/maps/search/?api=1&query=Burning%20Rock%20Outdoor%20Adventure%20Park%20Beckley%20WV,OSM,
Southern WV,Oak Hill/Fayetteville,WV,Overnight Laundry,retail,Website,High,4,3,SSL certificate broken/expired; Business email is johnbrown25311@gmail.com,+1-304-395-0006,https://overnightlaundry.com/,7195 Legends Highway,https://www.google.com/maps/search/?api=1&query=Overnight%20Laundry%20Oak%20Hill%2FFayetteville%20WV,OSM,
Southern WV,Oak Hill/Fayetteville,WV,Cold Spot Glen Jean,food,Website,High,5,2,Website is down/unreachable,+1 304-469-9464,https://www.thecoldspot.com,4955 Legends Highway,https://www.google.com/maps/search/?api=1&query=Cold%20Spot%20Glen%20Jean%20Oak%20Hill%2FFayetteville%20WV,OSM,
Southern WV,Lewisburg,WV,Harmony Ridge Gallery,retail,Website,High,5,2,Website is down/unreachable (CERT_HAS_EXPIRED),+1-304-645-4333,https://www.harmonyridgegallery.com/,209 Washington Street,https://www.google.com/maps/search/?api=1&query=Harmony%20Ridge%20Gallery%20Lewisburg%20WV,OSM,
Southern WV,Lewisburg,WV,Brewers Onsite Services Inc,retail,Website,High,5,2,Website is down/unreachable (ENOTFOUND),+1 681-318-3547,http://generatorslewisburg.com,360 Washington St W,https://www.google.com/maps/search/?api=1&query=Brewers%20Onsite%20Services%20Inc%20Lewisburg%20WV,OSM,
Southern WV,Lewisburg,WV,The Loft Liquor and Wine Shop,retail,Website,High,5,2,Website is down/unreachable (ENOTFOUND),+1-304-647-5638,http://spiritsandwinelewisburg.com,124 Seneca Trail,https://www.google.com/maps/search/?api=1&query=The%20Loft%20Liquor%20and%20Wine%20Shop%20Lewisburg%20WV,OSM,
Southern WV,Hinton,WV,Gore's Autobody Inc,auto,Website,High,5,2,Website is down/unreachable,+1-304-466-0522,https://goresautobody.com/,80 Grace Street,https://www.google.com/maps/search/?api=1&query=Gore's%20Autobody%20Inc%20Hinton%20WV,OSM,
Southern WV,Hinton,WV,WaterDawg Outdoors,retail,Website,High,5,2,Website is down/unreachable,+1-304-309-5213,https://waterdawgoutdoors.com/,,https://www.google.com/maps/search/?api=1&query=WaterDawg%20Outdoors%20Hinton%20WV,OSM,
SW Virginia,Bristol,VA,blowfish emporium,retail,Website,High,5,2,Website is down/unreachable (ENOTFOUND),+1 276-644-1428,http://www.blowfishemporium.com/,,https://www.google.com/maps/search/?api=1&query=blowfish%20emporium%20Bristol%20VA,OSM,
SW Virginia,Bristol,VA,606 State Street Galler,retail,Website,High,5,2,Website is down/unreachable (ENOTFOUND),+1 423-573-2438,http://www.606statestreetgallery.com/,,https://www.google.com/maps/search/?api=1&query=606%20State%20Street%20Galler%20Bristol%20VA,OSM,
SW Virginia,Bristol,VA,Virginia Vintage Interiors,retail,Website,High,5,2,Website is down/unreachable (ENOTFOUND),+1-276-644-3240,https://www.virginiavintageinteriors.com/,,https://www.google.com/maps/search/?api=1&query=Virginia%20Vintage%20Interiors%20Bristol%20VA,OSM,
SW Virginia,Bristol,VA,Delta Blues BBQ,food,Website,High,5,2,Website is down/unreachable,+1-423-573-3382,https://deltablues-bbq.com/,724 State Street,https://www.google.com/maps/search/?api=1&query=Delta%20Blues%20BBQ%20Bristol%20VA,OSM,
SW Virginia,Abingdon,VA,Brisket N' Bourbon,food,Website,High,5,2,Website is down/unreachable (EAI_AGAIN),+1-276-623-0037,https://brisketnbourbon.com/,260 West Main Street,https://www.google.com/maps/search/?api=1&query=Brisket%20N'%20Bourbon%20Abingdon%20VA,OSM,
SW Virginia,Abingdon,VA,The Peppermill,food,Website,High,5,2,Website is down/unreachable (ERR_SSL_SSL/TLS_ALERT_HANDSHAKE_FAILURE),+1-276-623-0530,http://www.thepeppermillnew.com/,231 West Main Street,https://www.google.com/maps/search/?api=1&query=The%20Peppermill%20Abingdon%20VA,OSM,
SW Virginia,Abingdon,VA,Greeko's Grill & Cafe,food,Website,High,5,2,Website is down/unreachable,+1-276-525-8107,https://www.getgreekos.com/,217 West Main Street,https://www.google.com/maps/search/?api=1&query=Greeko's%20Grill%20%26%20Cafe%20Abingdon%20VA,OSM,
SW Virginia,Abingdon,VA,Highlands Thrift Store,retail,Website,High,5,2,Website is down/unreachable,+1-276-623-0036,http://thriftstoreabingdon.com/,396 Cummings Street,https://www.google.com/maps/search/?api=1&query=Highlands%20Thrift%20Store%20Abingdon%20VA,OSM,
SW Virginia,Abingdon,VA,Fiddler's,food,Website,High,5,2,Website is down/unreachable,+1-276-628-2555,https://www.fiddlersva.com/,480 Cummings Street,https://www.google.com/maps/search/?api=1&query=Fiddler's%20Abingdon%20VA,OSM,
SW Virginia,Marion,VA,Skyview Mini Storage,retail,Website,High,5,2,Website is down/unreachable (ENOTFOUND),+1-276-685-7285,https://skyviewministorage.com,2045 Hwy 11,https://www.google.com/maps/search/?api=1&query=Skyview%20Mini%20Storage%20Marion%20VA,OSM,
SW Virginia,Marion,VA,The Wooden Pickle,food,Website,High,5,2,Website is down/unreachable,+1-276-783-2300,https://www.woodenpicklefoodandspirits.com/,120 East Main Street,https://www.google.com/maps/search/?api=1&query=The%20Wooden%20Pickle%20Marion%20VA,OSM,
SW Virginia,Galax,VA,Farm Bureau,finance,Website,High,4,3,Facebook/Instagram page instead of a real website,+1-276-236-7210,https://www.vafb.com/offices/galax,971 East Stuart Drive,https://www.google.com/maps/search/?api=1&query=Farm%20Bureau%20Galax%20VA,OSM,
SW Virginia,Galax,VA,Watson Auto,auto,Website,High,5,2,Website is down/unreachable (ERR_TLS_CERT_ALTNAME_INVALID),+1-276-236-1010,https://watsonautova.com/,1010 East Stuart Drive,https://www.google.com/maps/search/?api=1&query=Watson%20Auto%20Galax%20VA,OSM,
SW Virginia,Galax,VA,Eye Care on the Ridge,healthcare,Website,High,4,3,Copyright stuck at 2018; GoDaddy site builder; Uses free email for business (impallari@gmail.com),+1-276-235-6888,https://eyecareontheridge.com/,1022 East Stuart Drive,https://www.google.com/maps/search/?api=1&query=Eye%20Care%20on%20the%20Ridge%20Galax%20VA,OSM,
SW Virginia,Galax,VA,Fiddler’s Restaurant,food,Website,High,5,2,Website is down/unreachable,+1-276-728-4977,https://www.fiddlersva.com/,2042 Carrollton Pike,https://www.google.com/maps/search/?api=1&query=Fiddler%E2%80%99s%20Restaurant%20Galax%20VA,OSM,
SW Virginia,Lebanon,VA,Huffman Tire & Services Center,auto,Website,High,5,2,Website is down/unreachable,+1-276-889-2070,https://huffman-tire-services-center.business.site/,1046 West Main Street,https://www.google.com/maps/search/?api=1&query=Huffman%20Tire%20%26%20Services%20Center%20Lebanon%20VA,OSM,
SW Virginia,Lebanon,VA,Virginia Farm Bureau Insurance Company,finance,Website,High,4,3,Facebook/Instagram page instead of a real website,+12768891119,https://www.vafb.com/,919 West Main Street,https://www.google.com/maps/search/?api=1&query=Virginia%20Farm%20Bureau%20Insurance%20Company%20Lebanon%20VA,OSM,
SW Virginia,Lebanon,VA,The Weeping Willow Cafe & Tap House,food,Website,High,5,2,Website is down/unreachable (ENOTFOUND),+12764159199,http://thelocalmerc.com/drink,56 West Main Street,https://www.google.com/maps/search/?api=1&query=The%20Weeping%20Willow%20Cafe%20%26%20Tap%20House%20Lebanon%20VA,OSM,
SW Virginia,Richlands,VA,Bad Axery,fitness,Website,High,5,2,Website is down/unreachable (ENOTFOUND),+1-276-345-4239,https://www.badaxeryrichlands.com/,1217 Front Street,https://www.google.com/maps/search/?api=1&query=Bad%20Axery%20Richlands%20VA,OSM,
SW Virginia,Richlands,VA,Woody's Classic Automotive,auto,Website,High,5,2,Website is down/unreachable,+1-276-963-3632,https://www.woodysclassicautomotive.com/,3785 Steelsburg Highway,https://www.google.com/maps/search/?api=1&query=Woody's%20Classic%20Automotive%20Richlands%20VA,OSM,
SW Virginia,Blacksburg,VA,The Beast of Blacksburg,food,Website,High,5,2,Website is down/unreachable,+1-540-953-1975,https://thebeastofblacksburg.com/,860 University City Boulevard,https://www.google.com/maps/search/?api=1&query=The%20Beast%20of%20Blacksburg%20Blacksburg%20VA,OSM,
SW Virginia,Blacksburg,VA,Pulse Pilates Studio,fitness,Website,High,5,2,Website is down/unreachable,+1-540-200-8705,https://pulsepilatesva.com/,200 Country Club Drive,https://www.google.com/maps/search/?api=1&query=Pulse%20Pilates%20Studio%20Blacksburg%20VA,OSM,
SW Virginia,Blacksburg,VA,The Inn at Virginia Tech,hospitality,Website,High,5,2,Website is down/unreachable,+1-540-231-8000,https://www.innatvirginiatech.com/,901 Prices Fork Road,https://www.google.com/maps/search/?api=1&query=The%20Inn%20at%20Virginia%20Tech%20Blacksburg%20VA,OSM,
SW Virginia,Roanoke,VA,Valhalla Vineyards,trades,Website,High,5,2,Website is down/unreachable (EAI_AGAIN),+1-540-725-9463,https://www.valhallawines.com/,6500 Mt Chestnut Road,https://www.google.com/maps/search/?api=1&query=Valhalla%20Vineyards%20Roanoke%20VA,OSM,
SW Virginia,Roanoke,VA,FarmBurguesa,food,Website,High,5,2,Website is down/unreachable,+1-540-595-7778,https://farmburguesa.com/,303 South Pollard Street,https://www.google.com/maps/search/?api=1&query=FarmBurguesa%20Roanoke%20VA,OSM,
SW Virginia,Roanoke,VA,Pueblo Chico,food,Website,High,5,2,Website is down/unreachable,+1-540-566-3447,https://pueblochico24014.wixsite.com/website,2626 Broadway Avenue Southwest,https://www.google.com/maps/search/?api=1&query=Pueblo%20Chico%20Roanoke%20VA,OSM,
SW Virginia,Roanoke,VA,"Appalachian Truck & Equipment, Inc",auto,Website,High,5,2,Website is down/unreachable,+1-540-966-0906,https://www.appalachiantrucks.com,596 Cougar Drive,https://www.google.com/maps/search/?api=1&query=Appalachian%20Truck%20%26%20Equipment%2C%20Inc%20Roanoke%20VA,OSM,
SW Virginia,Roanoke,VA,BMW of Roanoke,auto,Website,High,5,2,Website is down/unreachable,+1 540-342-3733,https://www.bmwroanoke.com,2824 Franklin Road Southwest,https://www.google.com/maps/search/?api=1&query=BMW%20of%20Roanoke%20Roanoke%20VA,OSM,
SW Virginia,Roanoke,VA,Sweets by Shaniece,food,Website,High,5,2,Website is down/unreachable (ENOTFOUND),+1-540-566-3007,https://www.sweetsbyshaneice.com/,501 Campbell Avenue Southwest,https://www.google.com/maps/search/?api=1&query=Sweets%20by%20Shaniece%20Roanoke%20VA,OSM,
SW Virginia,Roanoke,VA,Grace's Place Pizzeria,food,Website,High,5,2,Website is down/unreachable,+1-540-981-1340,https://gracesplacepizzeria.com/,1316 Grandin Road Southwest,https://www.google.com/maps/search/?api=1&query=Grace's%20Place%20Pizzeria%20Roanoke%20VA,OSM,
SW Virginia,Roanoke,VA,Farmburguesa,food,Website,High,5,2,Website is down/unreachable,+1-540-566-3377,https://farmburguesa.com/,1908 Memorial Avenue Southwest,https://www.google.com/maps/search/?api=1&query=Farmburguesa%20Roanoke%20VA,OSM,
SW Virginia,Roanoke,VA,Cuban Island Restaurant,food,Website,High,5,2,Website is down/unreachable,+15405297762,https://www.cubanislandva.com/,5508 Williamson Road Northwest,https://www.google.com/maps/search/?api=1&query=Cuban%20Island%20Restaurant%20Roanoke%20VA,OSM,
SW Virginia,Roanoke,VA,Fair Way Pharmacy,healthcare,Website,High,4,3,Copyright stuck at 2022; Wix builder; Uses free email for business (fairwaypharmacy@outlook.com),+1-540-524-9983,https://www.thefairwaypharmacy.com,2311 Sanford Avenue Southwest,https://www.google.com/maps/search/?api=1&query=Fair%20Way%20Pharmacy%20Roanoke%20VA,OSM,
SW Virginia,Roanoke,VA,Due South BBQ,food,Website,High,5,2,Website is down/unreachable,+1 540-566-3394,https://duesouthbbq.com/,4521 Melrose Avenue Northwest,https://www.google.com/maps/search/?api=1&query=Due%20South%20BBQ%20Roanoke%20VA,OSM,
Western NC,Asheville,NC,Kathmandu Cafe,food,Website,High,5,2,Website is down/unreachable (ENOTFOUND),+1-828-252-1080,http://kathmanducafeasheville.com,88 Patton Avenue,https://www.google.com/maps/search/?api=1&query=Kathmandu%20Cafe%20Asheville%20NC,OSM,
Western NC,Asheville,NC,Malaprop's,food,Website,High,5,2,Website is down/unreachable,+1-828-254-6734,https://www.malaprops.com/,55 Haywood Street,https://www.google.com/maps/search/?api=1&query=Malaprop's%20Asheville%20NC,OSM,
Western NC,Asheville,NC,Anjali Hot Yoga,fitness,Website,High,5,2,Website is down/unreachable (ENOTFOUND),+1 828-785-1366,https://anjalihotyoga.com/,780 Hendersonville Road,https://www.google.com/maps/search/?api=1&query=Anjali%20Hot%20Yoga%20Asheville%20NC,OSM,
Western NC,Asheville,NC,Itto Ramen & Japanese Tapas,food,Website,High,5,2,Website is down/unreachable,+1-828-552-3288,https://ittoramen.com,3 Biltmore Avenue,https://www.google.com/maps/search/?api=1&query=Itto%20Ramen%20%26%20Japanese%20Tapas%20Asheville%20NC,OSM,
Western NC,Asheville,NC,Andy's Vacuum & Sewing Machine Repair,trades,Website,High,5,2,Website is down/unreachable,+12396997545,https://andys-mobile-vacuum-sewing.business.site/,215 Suite 1431 State Road,https://www.google.com/maps/search/?api=1&query=Andy's%20Vacuum%20%26%20Sewing%20Machine%20Repair%20Asheville%20NC,OSM,
Western NC,Asheville,NC,Isa's Bistro,food,Website,High,5,2,Website is down/unreachable,+18285759636,https://www.isasbistro.com/,1 Battery Park Avenue,https://www.google.com/maps/search/?api=1&query=Isa's%20Bistro%20Asheville%20NC,OSM,
Western NC,Asheville,NC,Altamont Deli & Grill,food,Website,High,5,2,Website is down/unreachable (ERR_TLS_CERT_ALTNAME_INVALID),+1 828-318-9573,https://altamontdeliandgrill.com/,231 Montford Avenue,https://www.google.com/maps/search/?api=1&query=Altamont%20Deli%20%26%20Grill%20Asheville%20NC,OSM,
Western NC,Asheville,NC,One World Brewing,trades,Website,High,5,2,Website is down/unreachable,+1-828-785-5580,https://oneworldbrewing.com/,10 Patton Avenue,https://www.google.com/maps/search/?api=1&query=One%20World%20Brewing%20Asheville%20NC,OSM,
Western NC,Asheville,NC,Green Sage Cafe,food,Website,High,5,2,Website is down/unreachable,+1-828-274-4450,https://greensagecafe.com,1800 Hendersonville Road,https://www.google.com/maps/search/?api=1&query=Green%20Sage%20Cafe%20Asheville%20NC,OSM,
Western NC,Asheville,NC,Green Sage Cafe,food,Website,High,5,2,Website is down/unreachable,+1-828-417-7859,https://www.greensagecafe.com/,633 Merrimon Avenue,https://www.google.com/maps/search/?api=1&query=Green%20Sage%20Cafe%20Asheville%20NC,OSM,
Western NC,Asheville,NC,Andaaz,food,Website,High,5,2,Website is down/unreachable,+1 828-552-3200,https://www.andaazasheville.com/,15 Page Avenue,https://www.google.com/maps/search/?api=1&query=Andaaz%20Asheville%20NC,OSM,
Western NC,Asheville,NC,Suwanna's Thai Orchid,food,Website,High,5,2,Website is down/unreachable,+1-828-281-8151,https://www.suwanasthaiorchid.com/,11 Broadway Street,https://www.google.com/maps/search/?api=1&query=Suwanna's%20Thai%20Orchid%20Asheville%20NC,OSM,
Western NC,Asheville,NC,Sunny Point Cafe,food,Website,High,5,2,Website is down/unreachable,+1 828-252-0055,https://sunnypointcafe.com/,626 Haywood Road,https://www.google.com/maps/search/?api=1&query=Sunny%20Point%20Cafe%20Asheville%20NC,OSM,
Western NC,Asheville,NC,Rabbit Hole,food,Website,High,5,2,Website is down/unreachable,+1-828-785-5760,https://www.rabbitholeasheville.com/,9 State Street,https://www.google.com/maps/search/?api=1&query=Rabbit%20Hole%20Asheville%20NC,OSM,
Western NC,Asheville,NC,Chai Pani,food,Website,High,5,2,Website is down/unreachable,+1 828 254 4003,https://chaipani.com/,32 Banks Avenue,https://www.google.com/maps/search/?api=1&query=Chai%20Pani%20Asheville%20NC,OSM,
Western NC,Asheville,NC,The Omni Grove Park Inn,hospitality,Website,High,5,2,Website is down/unreachable,+1-828-252-2711,https://www.omnihotels.com/hotels/asheville-grove-park,290 Macon Avenue,https://www.google.com/maps/search/?api=1&query=The%20Omni%20Grove%20Park%20Inn%20Asheville%20NC,OSM,
Western NC,Asheville,NC,Clarion Pointe Biltmore Village,hospitality,Website,High,5,2,Website is down/unreachable,+1-828-673-8573,https://www.choicehotels.com/north-carolina/asheville/clarion-hotels/nc598,234 Hendersonville Road,https://www.google.com/maps/search/?api=1&query=Clarion%20Pointe%20Biltmore%20Village%20Asheville%20NC,OSM,
Western NC,Asheville,NC,Papa's and Beer,food,Website,High,5,2,Website is down/unreachable,+1-828-255-2204,https://papasandbeerdowntown.com/,17 Tunnel Road,https://www.google.com/maps/search/?api=1&query=Papa's%20and%20Beer%20Asheville%20NC,OSM,
Western NC,Asheville,NC,Itto Ramen Bar & Tapas,food,Website,High,5,2,Website is down/unreachable,+1 828-505-0860,https://www.ittoramen.com/,630 Haywood Road,https://www.google.com/maps/search/?api=1&query=Itto%20Ramen%20Bar%20%26%20Tapas%20Asheville%20NC,OSM,
Western NC,Hendersonville,NC,Woodward & Rick Photography Inc,trades,Website,High,5,2,Website is down/unreachable (ENOTFOUND),+1 866-977-7427,http://www.wrpweddingjournal.com/,443 North Main Street,https://www.google.com/maps/search/?api=1&query=Woodward%20%26%20Rick%20Photography%20Inc%20Hendersonville%20NC,OSM,
Western NC,Brevard,NC,Downtown Chocolates,food,Website,High,5,2,Website is down/unreachable (ENOTFOUND),+1-828-877-2378,http://downtown-chocolates.com/,30 Times Arcade Alley,https://www.google.com/maps/search/?api=1&query=Downtown%20Chocolates%20Brevard%20NC,OSM,
Western NC,Brevard,NC,Papa L.E.W.,food,Website,High,5,2,Website is down/unreachable,+1 828 877 9906,https://papalew.business.site/,36 E. Main Str,https://www.google.com/maps/search/?api=1&query=Papa%20L.E.W.%20Brevard%20NC,OSM,
Western NC,Waynesville,NC,Veda Inn & Cottages,hospitality,Website,High,5,2,Copyright stuck at 2020; Wix builder; Uses free email for business (vedainncottages@gmail.com); Business email is vedainncottages@gmail.com,+1-828-735-5463,https://www.vedainn.com,1485 Soco Road,https://www.google.com/maps/search/?api=1&query=Veda%20Inn%20%26%20Cottages%20Waynesville%20NC,OSM,
Western NC,Sylva,NC,Peak Pizza Bar,food,Website,High,5,2,Website is down/unreachable,+1-828-222-7325,https://peakpizza.bar/,2968 Old Cullowhee Road,https://www.google.com/maps/search/?api=1&query=Peak%20Pizza%20Bar%20Sylva%20NC,OSM,
Western NC,Franklin,NC,Mountainside Chocolates,food,Website,High,5,2,Website is down/unreachable (ENOTFOUND),+1-828-524-5532,https://www.mountainsidechocolates.com,,https://www.google.com/maps/search/?api=1&query=Mountainside%20Chocolates%20Franklin%20NC,OSM,
Western NC,Boone,NC,Appalachian Mountain Brewery,trades,Website,High,5,2,Website is down/unreachable,+1-828-263-1111,https://appalachianmountainbrewery.com/,163 Boone Creek Drive,https://www.google.com/maps/search/?api=1&query=Appalachian%20Mountain%20Brewery%20Boone%20NC,OSM,
Western NC,Spruce Pine,NC,Lemon Tree Inn,hospitality,Website,High,5,2,Website is down/unreachable (EAI_AGAIN),+18287656161,http://lemontreeinnusa.com/,872 Greenwood Road,https://www.google.com/maps/search/?api=1&query=Lemon%20Tree%20Inn%20Spruce%20Pine%20NC,OSM,
Western NC,Lenoir,NC,RJEB Construction,trades,Website,High,5,2,Website is down/unreachable (ENOTFOUND),+1-828-221-6223,https://rjebconstruction.com,5234 Franklin Pl,https://www.google.com/maps/search/?api=1&query=RJEB%20Construction%20Lenoir%20NC,OSM,
Western NC,Hickory,NC,NDK Used Tires & Wheels,auto,Website,High,5,2,Website is down/unreachable (ENOTFOUND),+1-828-855-1833,https://www.ndkusedtires.com/,1931 U.S. Hwy 70 SW,https://www.google.com/maps/search/?api=1&query=NDK%20Used%20Tires%20%26%20Wheels%20Hickory%20NC,OSM,
Western NC,Hickory,NC,Lockman's Body Shop,auto,Website,High,5,2,Website is down/unreachable,+1-828-328-1316,https://lockmansbodyshop.com,2260 U.S. Hwy 70 SW,https://www.google.com/maps/search/?api=1&query=Lockman's%20Body%20Shop%20Hickory%20NC,OSM,
Western NC,Hickory,NC,Highland Recreation Center,fitness,Website,High,5,2,Website is down/unreachable (UNABLE_TO_VERIFY_LEAF_SIGNATURE),+1-828-328-3997,https://www.hickorync.gov/content/highland-recreation-center,1451 8th Street Drive Northeast,https://www.google.com/maps/search/?api=1&query=Highland%20Recreation%20Center%20Hickory%20NC,OSM,
Western NC,Hickory,NC,Shooting Stars of Hickory,fitness,Website,High,5,2,Website is down/unreachable (ENOTFOUND),+1-828-327-0001,http://hickorygymnastics.com/,105 31st Street Place Southeast,https://www.google.com/maps/search/?api=1&query=Shooting%20Stars%20of%20Hickory%20Hickory%20NC,OSM,
NE Tennessee,Johnson City,TN,Property Executives,realestate,Website,High,3,3,Not mobile-friendly (no viewport meta); Business email is propertyexecutivestn@gmail.com,+1-423-952-0226,https://www.propertyexecutivestn.com,2694 Boones Creek Road,https://www.google.com/maps/search/?api=1&query=Property%20Executives%20Johnson%20City%20TN,OSM,
NE Tennessee,Johnson City,TN,Innate Rejuvenation,healthcare,Website,High,3,3,Copyright stuck at 2017; Business email is innaterejuvenation@gmail.com,+1-423-328-0488,https://innaterejuvenation.com/,106 Pinnacle Drive,https://www.google.com/maps/search/?api=1&query=Innate%20Rejuvenation%20Johnson%20City%20TN,OSM,
NE Tennessee,Kingsport,TN,Red Door Agency,realestate,Website,High,3,3,Copyright stuck at 2022; WordPress 4.9 (outdated),+1-423-541-0256,https://www.reddooragency.com/,136 West Main Street,https://www.google.com/maps/search/?api=1&query=Red%20Door%20Agency%20Kingsport%20TN,OSM,
NE Tennessee,Bristol,TN,Bristol's Best Coin Laundry,retail,Website,High,3,3,SSL certificate broken/expired; Outdated server stack: Apache PHP/5.2.10,+14232171441,http://www.cityvisitor.co.uk/bristol/laundries.html,1203 Bluff City Highway,https://www.google.com/maps/search/?api=1&query=Bristol's%20Best%20Coin%20Laundry%20Bristol%20TN,OSM,
NE Tennessee,Elizabethton,TN,"Troy Hoover, DDS",healthcare,Website,High,3,3,Copyright stuck at 2022; Business email is troyhooverdds@gmail.com,+1-423-543-3002,https://troyhooverdentist.com/,1201 Veterans Memorial Parkway,https://www.google.com/maps/search/?api=1&query=Troy%20Hoover%2C%20DDS%20Elizabethton%20TN,OSM,
Upstate/N SC,Greenville,SC,Studio of Michael McDunn,trades,Website,High,4,2,SSL certificate broken/expired; Weebly builder,+1-864-242-0311,http://mcdunnstudio.com,741 Rutherford Road,https://www.google.com/maps/search/?api=1&query=Studio%20of%20Michael%20McDunn%20Greenville%20SC,OSM,
Upstate/N SC,Greer,SC,Secured Advantage Federal Credit Union,finance,Website,High,3,3,Copyright stuck at 2022; WordPress 2.9 (outdated),+1-864-916-2560,https://securedadvantagefcu.com/,126 West Main Street,https://www.google.com/maps/search/?api=1&query=Secured%20Advantage%20Federal%20Credit%20Union%20Greer%20SC,OSM,
Upstate/N SC,Spartanburg,SC,Craft & Canopy Tree Care,professional,Website,High,5,1,Facebook/Instagram page instead of a real website; Business email is craftandcanopy@gmail.com,+1-864-406-5164,https://linktr.ee/craftandcanopy,5200 South Main Street,https://www.google.com/maps/search/?api=1&query=Craft%20%26%20Canopy%20Tree%20Care%20Spartanburg%20SC,OSM,
Upstate/N SC,Spartanburg,SC,Arthur State Bank,finance,Website,High,3,3,Copyright stuck at 2021; WordPress 3.5 (outdated),+18649488720,https://www.arthurstatebank.com/,756 East Main Street,https://www.google.com/maps/search/?api=1&query=Arthur%20State%20Bank%20Spartanburg%20SC,OSM,
Upstate/N SC,Rock Hill,SC,"Law Office of Nathan J. Sheldon, LLC",legal,Website,High,3,3,Copyright stuck at 2023; WordPress 2.2 (outdated),+1-803-909-9343,https://www.nathansheldonlaw.com/,331 East Main Street,https://www.google.com/maps/search/?api=1&query=Law%20Office%20of%20Nathan%20J.%20Sheldon%2C%20LLC%20Rock%20Hill%20SC,OSM,
SE Kentucky,Corbin,KY,Wallens Towing & Recovery,auto,Website,High,4,2,Not mobile-friendly (no viewport meta); Uses free email for business (wallenstowing@yahoo.com); Business email is wallenstowing@yahoo.com,+1-606-523-1101,https://www.wallenstowing.com/,952 West Dixie Highway,https://www.google.com/maps/search/?api=1&query=Wallens%20Towing%20%26%20Recovery%20Corbin%20KY,OSM,
Southern WV,Beckley,WV,Whitesville State Bank,finance,Website,High,3,3,Copyright stuck at 2016; WordPress 1.0 (outdated),+1 304-934-5324,https://www.whitesvillesb.com/,,https://www.google.com/maps/search/?api=1&query=Whitesville%20State%20Bank%20Beckley%20WV,OSM,
Southern WV,Hinton,WV,Lucky Rivers Cafe and Catering,food,Website,High,4,2,No HTTPS (insecure site); Copyright stuck at 2010,+1 304-309-4157,https://luckyriverscafe.com/,213 2nd Avenue,https://www.google.com/maps/search/?api=1&query=Lucky%20Rivers%20Cafe%20and%20Catering%20Hinton%20WV,OSM,
SW Virginia,Bristol,VA,Little Italy Pizza,food,Website,High,5,1,Facebook/Instagram page instead of a real website; Business email is jmramirez82@yahoo.com,+1-423-878-7500,https://www.facebook.com/pages/Little-Italy-Pizza/336366324350,,https://www.google.com/maps/search/?api=1&query=Little%20Italy%20Pizza%20Bristol%20VA,OSM,
SW Virginia,Bristol,VA,Sweet Stix Golf,retail,Website,High,5,1,Facebook/Instagram page instead of a real website; Business email is sweetstixgolf@gmail.com,+1 423-571-9220,https://www.facebook.com/pages/Sweet-Stix-Golf/181481119631,809 State Street,https://www.google.com/maps/search/?api=1&query=Sweet%20Stix%20Golf%20Bristol%20VA,OSM,
SW Virginia,Abingdon,VA,Anthony's Desserts,food,Website,High,5,1,Facebook/Instagram page instead of a real website; Business email is anthonysdesserts@icloud.com,+1-276-274-7861,https://www.facebook.com/pages/Anthonys-Desserts/263687877007000?rf=155802471131336,266 East Main Street,https://www.google.com/maps/search/?api=1&query=Anthony's%20Desserts%20Abingdon%20VA,OSM,
SW Virginia,Marion,VA,Spring Branch Armory & Gunsmithing LLC,retail,Website,High,5,1,Facebook/Instagram page instead of a real website; Business email is springbrancharmory@gmail.com,+1-276-521-0421,https://www.facebook.com/Weaponsvault/,263 Spring Branch Road,https://www.google.com/maps/search/?api=1&query=Spring%20Branch%20Armory%20%26%20Gunsmithing%20LLC%20Marion%20VA,OSM,
SW Virginia,Blacksburg,VA,Justin Tebbenkamp General & Cosmetic Dentistry,healthcare,Website,High,3,3,Copyright stuck at 2017; Uses free email for business (blacksburgdentist@gmail.com),+1-540-961-3279,https://www.blacksburgdentist.com/,1305 North Main Street,https://www.google.com/maps/search/?api=1&query=Justin%20Tebbenkamp%20General%20%26%20Cosmetic%20Dentistry%20Blacksburg%20VA,OSM,
SW Virginia,Christiansburg,VA,Blue Ridge Heating & Air,trades,Website,High,3,3,WordPress 2.10 (outdated); Uses free email for business (brhainstall@gmail.com); Business email is brhainstall@gmail.com,+1 540-381-1137,https://blueridgeheatingandair.com/,925 Cambria Street Northeast,https://www.google.com/maps/search/?api=1&query=Blue%20Ridge%20Heating%20%26%20Air%20Christiansburg%20VA,OSM,
SW Virginia,Pulaski,VA,EZCare Walk-In Medical Center,healthcare,Website,High,3,3,Not mobile-friendly (no viewport meta); WordPress 4.2 (outdated),+1-540-307-5597,https://ezcareclinics.com/,5275 Alexander Road,https://www.google.com/maps/search/?api=1&query=EZCare%20Walk-In%20Medical%20Center%20Pulaski%20VA,OSM,
Western NC,Asheville,NC,"Scott K. Dillin, Attorney at Law;Asheville Area Attorneys",legal,Website,High,3,3,Copyright stuck at 2021; WordPress 3.7 (outdated),+1-828-333-4867,https://wnclawyers.com,1 Oak Street;Oak Plaza,https://www.google.com/maps/search/?api=1&query=Scott%20K.%20Dillin%2C%20Attorney%20at%20Law%3BAsheville%20Area%20Attorneys%20Asheville%20NC,OSM,
Western NC,Asheville,NC,CitruSolution of Asheville,trades,Website,High,3,3,WordPress 2.0 (outdated); Uses free email for business (citrusolution97@gmail.com); Business email is citrusolution97@gmail.com,+1-828-439-0759,https://citrusolutionasheville.com/,27 Pinedale Road,https://www.google.com/maps/search/?api=1&query=CitruSolution%20of%20Asheville%20Asheville%20NC,OSM,
Western NC,Asheville,NC,Hole Doughnuts,food,Website,High,4,2,Not mobile-friendly (no viewport meta); Uses free email for business (hallee.hole@gmail.com); Business email is hallee.hole@gmail.com,+1 828 774 5667,https://www.hole-doughnuts.com/,168 Haywood Road,https://www.google.com/maps/search/?api=1&query=Hole%20Doughnuts%20Asheville%20NC,OSM,
Western NC,Hendersonville,NC,T's Blue Note,food,Website,High,5,1,Facebook/Instagram page instead of a real website; Business email is tsbluenote@yahoo.com,+1 828-693-7500,https://www.facebook.com/TsBlueNote,,https://www.google.com/maps/search/?api=1&query=T's%20Blue%20Note%20Hendersonville%20NC,OSM,
Western NC,Hendersonville,NC,Gillians Gallery,retail,Website,High,5,1,Facebook/Instagram page instead of a real website; Business email is gilliansgallerys@aol.com,+1-828-693-8127,https://de-de.facebook.com/pages/Gillians-Gallery/196490640370334,,https://www.google.com/maps/search/?api=1&query=Gillians%20Gallery%20Hendersonville%20NC,OSM,
Western NC,Hendersonville,NC,La Magia,retail,Website,High,5,1,Facebook/Instagram page instead of a real website; Business email is lamagiastore@gmail.com,+1 828-697-2288,https://www.facebook.com/pages/La-Magia/123408467713425,,https://www.google.com/maps/search/?api=1&query=La%20Magia%20Hendersonville%20NC,OSM,
Western NC,Waynesville,NC,Nick and Nate's of Waynesville,food,Website,High,5,1,Facebook/Instagram page instead of a real website; Business email is nickandnatespizza@gmail.com,+1 828-452-0027,https://www.facebook.com/pages/Nick-and-Nates-of-Waynesville/382652638439361?rf=209655809081488,,https://www.google.com/maps/search/?api=1&query=Nick%20and%20Nate's%20of%20Waynesville%20Waynesville%20NC,OSM,
Western NC,Waynesville,NC,Backstreet Hair Studio,retail,Website,High,5,1,Facebook/Instagram page instead of a real website; Business email is jmichaeljr@charter.net,+1 828-456-6228,https://www.facebook.com/pages/Backstreet-Hair-Studio/204519329558319,135 Montgomery Street,https://www.google.com/maps/search/?api=1&query=Backstreet%20Hair%20Studio%20Waynesville%20NC,OSM,
Western NC,Boone,NC,Blowing Rock Lodge,hospitality,Website,High,3,3,No HTTPS (insecure site); Business email is blowingrocklodge1@yahoo.com,+1 828 295 6000,http://www.blowingrocklodge.com/,,https://www.google.com/maps/search/?api=1&query=Blowing%20Rock%20Lodge%20Boone%20NC,OSM,
Western NC,Hickory,NC,Premiere Roofing & Gutters,trades,Website,High,3,3,WordPress 3.7 (outdated); Uses free email for business (officepremiereroofing@gmail.com); Business email is officepremiereroofing@gmail.com,+1 828-640-7320,https://premiereroofingnc.com/,346 3rd Avenue Northwest,https://www.google.com/maps/search/?api=1&query=Premiere%20Roofing%20%26%20Gutters%20Hickory%20NC,OSM,
Western NC,Hickory,NC,Dockside Seafood Company,retail,Website,High,5,1,Facebook/Instagram page instead of a real website; Business email is docksidehickory@gmail.com,+1-828-855-3474,https://www.facebook.com/docksideseafoodhky/,2420 North Center Street,https://www.google.com/maps/search/?api=1&query=Dockside%20Seafood%20Company%20Hickory%20NC,OSM,
NE Tennessee,Johnson City,TN,Christian Assisted Living of Johnson City,healthcare,Website,High,3,2,Copyright stuck at 2021; GoDaddy site builder,+1-423-232-5500,https://christianassistedlivingofjc.com/,213 University Parkway,https://www.google.com/maps/search/?api=1&query=Christian%20Assisted%20Living%20of%20Johnson%20City%20Johnson%20City%20TN,OSM,
NE Tennessee,Johnson City,TN,Owl's Nest,retail,Website,High,3,2,Weebly builder; Uses free email for business (owlsnestjc@gmail.com); Business email is owlsnestjc@gmail.com,+1-423-283-4668,https://www.owlsnestdowntown.com/,113 Cherry Street,https://www.google.com/maps/search/?api=1&query=Owl's%20Nest%20Johnson%20City%20TN,OSM,
NE Tennessee,Jonesborough,TN,The Corner Cup Coffee and Tea,food,Website,High,3,2,Weebly builder; Uses free email for business (thecornercupcoffeeandtea@gmail.com); Business email is thecornercupcoffeeandtea@gmail.com,+1-423-483-2602,https://thecornercupjbo.square.site/,148 East Main Street,https://www.google.com/maps/search/?api=1&query=The%20Corner%20Cup%20Coffee%20and%20Tea%20Jonesborough%20TN,OSM,
NE Tennessee,Johnson City,TN,Calli Rose,retail,Website,High,3,2,Weebly builder; Uses free email for business (shopcallirose9@gmail.com); Business email is shopcallirose9@gmail.com,+1-423-202-3071,https://www.callirose.com/,327 East Main Street,https://www.google.com/maps/search/?api=1&query=Calli%20Rose%20Johnson%20City%20TN,OSM,
NE Tennessee,Johnson City,TN,Meaga Hair,retail,Website,High,3,2,Weebly builder; Uses free email for business (meaganpadgett.83@gmail.com); Business email is meaganpadgett.83@gmail.com,+1-423-777-0303,https://meagahair.square.site/,200 High Point Drive,https://www.google.com/maps/search/?api=1&query=Meaga%20Hair%20Johnson%20City%20TN,OSM,
NE Tennessee,Kingsport,TN,Throwmore Disc Golf Store,retail,Website,High,3,2,Weebly builder; Uses free email for business (throwmoremorristown@gmail.com); Business email is throwmoremorristown@gmail.com,+1-423-726-2332,https://www.throwmore.com/,5621 Fort Henry Drive,https://www.google.com/maps/search/?api=1&query=Throwmore%20Disc%20Golf%20Store%20Kingsport%20TN,OSM,
NE Tennessee,Elizabethton,TN,Ridgewood Barbecue,food,Website,High,3,2,SSL certificate broken/expired,+1-423-538-7543,http://ridgewoodbbq.com/,900 Elizabethton Highway,https://www.google.com/maps/search/?api=1&query=Ridgewood%20Barbecue%20Elizabethton%20TN,OSM,
NE Tennessee,Elizabethton,TN,Best Portraits,trades,Website,Verify,4,1,No website listed (OSM) — verify with a quick Google/call; Business email is bestportraits@gmail.com,+1-423-518-1110,,705 East Elk Avenue,https://www.google.com/maps/search/?api=1&query=Best%20Portraits%20Elizabethton%20TN,OSM,
NE Tennessee,Elizabethton,TN,CakeArt,trades,Website,High,3,2,GoDaddy site builder; Uses free email for business (impallari@gmail.com); Business email is mycakeartbiz@gmail.com,+1-423-957-6890,https://mycakeartbiz.com/,118 South Sycamore Street,https://www.google.com/maps/search/?api=1&query=CakeArt%20Elizabethton%20TN,OSM,
NE Tennessee,Elizabethton,TN,Hytyme Express Computer Center,retail,Website,High,5,0,Not mobile-friendly (no viewport meta); Built with FrontPage (1990s-era),+1-423-542-6229,https://www.hytyme.com/,446 East Elk Avenue,https://www.google.com/maps/search/?api=1&query=Hytyme%20Express%20Computer%20Center%20Elizabethton%20TN,OSM,
NE Tennessee,Greeneville,TN,Playmore Games,retail,Website,High,3,2,Weebly builder; Uses free email for business (playmoregm@gmail.com); Business email is playmoregamesTN@gmail.com,+1-423-471-3953,https://playmoreshop.square.site,821 Tusculum Boulevard,https://www.google.com/maps/search/?api=1&query=Playmore%20Games%20Greeneville%20TN,OSM,
NE Tennessee,Greeneville,TN,"Dr. Leonard L. Hartman, DC",healthcare,Website,High,3,2,Copyright stuck at 2018; GoDaddy site builder,+1-423-638-5361,https://greenevillechiropractic.com/,155 Mason Street,https://www.google.com/maps/search/?api=1&query=Dr.%20Leonard%20L.%20Hartman%2C%20DC%20Greeneville%20TN,OSM,
NE Tennessee,Erwin,TN,Pappy's Gunsmithin' and Backwoods Livin',trades,Website,Verify,4,1,No website listed (OSM) — verify with a quick Google/call; Business email is pappysgunsmithin@gmail.com,+1 423-270-4848,,99 Berkshire Drive,https://www.google.com/maps/search/?api=1&query=Pappy's%20Gunsmithin'%20and%20Backwoods%20Livin'%20Erwin%20TN,OSM,
NE Tennessee,Morristown,TN,Throwmore Disc Golf Store Morristown,retail,Website,High,3,2,Weebly builder; Uses free email for business (throwmoremorristown@gmail.com); Business email is throwmoremorristown@gmail.com,+1-423-393-4352,https://www.throwmore.com/,8224 East Andrew Johnson Highway,https://www.google.com/maps/search/?api=1&query=Throwmore%20Disc%20Golf%20Store%20Morristown%20Morristown%20TN,OSM,
NE Tennessee,Morristown,TN,14 Karat Studio Fitness,fitness,Website,High,3,2,Weebly builder; Uses free email for business (14karatstudiofitness@gmail.com); Business email is 14karatstudiofitness@gmail.com,+17027281401,https://www.14k.studio,215 West Main Street,https://www.google.com/maps/search/?api=1&query=14%20Karat%20Studio%20Fitness%20Morristown%20TN,OSM,
Upstate/N SC,Greer,SC,Milk Prints,trades,Website,High,5,0,Domain parked — site is gone,+1-864-214-6013,https://www.milkprints.com/,405 Chartwell Drive,https://www.google.com/maps/search/?api=1&query=Milk%20Prints%20Greer%20SC,OSM,
Upstate/N SC,Greer,SC,Michael Horne CPA LLC,accounting,Website,High,3,2,Copyright stuck at 2018; GoDaddy site builder,+1 864 336 2910,https://michaelhornecpa.com/,101 Springdale Street,https://www.google.com/maps/search/?api=1&query=Michael%20Horne%20CPA%20LLC%20Greer%20SC,OSM,
Upstate/N SC,Rock Hill,SC,Carolina Pharmacy,healthcare,Website,High,3,2,Uses Flash (dead tech),+1-803-327-1640,https://carolinapharmacy.com/carolina-pharmacy-rock-hill/,725 North Cherry Road,https://www.google.com/maps/search/?api=1&query=Carolina%20Pharmacy%20Rock%20Hill%20SC,OSM,
SE Kentucky,Hazard,KY,Ascend Fitness,fitness,Website,High,3,2,Weebly builder; Uses free email for business (ascendsf@icloud.com); Business email is ascendsf@icloud.com,+1-606-487-0057,http://ascendsf.net,138 Grand Vue Plaza,https://www.google.com/maps/search/?api=1&query=Ascend%20Fitness%20Hazard%20KY,OSM,
Southern WV,Oak Hill/Fayetteville,WV,Bennys Card Vault,retail,Website,High,3,2,Weebly builder; Uses free email for business (bennysbreaksllc@gmail.com); Business email is bennysbreaksllc@gmail.com,+1-304-553-6666,https://www.bennyscardvault.com,201 Summerlee Avenue,https://www.google.com/maps/search/?api=1&query=Bennys%20Card%20Vault%20Oak%20Hill%2FFayetteville%20WV,OSM,
Southern WV,Lewisburg,WV,Roberts Tree Service,trades,Website,Verify,4,1,No website listed (OSM) — verify with a quick Google/call; Business email is robertstreeservicewv@gmail.com,+1-304-661-4086,,,https://www.google.com/maps/search/?api=1&query=Roberts%20Tree%20Service%20Lewisburg%20WV,OSM,
SW Virginia,Bristol,VA,Eatz on Moore Street,food,Website,High,4,1,Not mobile-friendly (no viewport meta); GoDaddy site builder; Uses free email for business (eatzonmoorestreet@gmail.com),+1-276-591-4755,https://eatzonmoorestreet.com/,17 Moore Street,https://www.google.com/maps/search/?api=1&query=Eatz%20on%20Moore%20Street%20Bristol%20VA,OSM,
SW Virginia,Abingdon,VA,3 Guys Outfitters,retail,Website,High,3,2,SSL certificate broken/expired,+1-276-477-4260,https://www.3guysoutfitters.com/,406 Cummings Street,https://www.google.com/maps/search/?api=1&query=3%20Guys%20Outfitters%20Abingdon%20VA,OSM,
SW Virginia,Abingdon,VA,Puerto Nuevo,food,Website,High,3,2,SSL certificate broken/expired,+1-276-258-5139,https://puertonuevofreshmexva.com/,912 East Main Street,https://www.google.com/maps/search/?api=1&query=Puerto%20Nuevo%20Abingdon%20VA,OSM,
SW Virginia,Abingdon,VA,Moon Dog,food,Website,High,4,1,Copyright stuck at 2017; GoDaddy site builder; Uses free email for business (anapbm@gmail.com),+1-276-525-1655,https://moondogbrickoven.com,1099 Ole Berry Drive,https://www.google.com/maps/search/?api=1&query=Moon%20Dog%20Abingdon%20VA,OSM,
SW Virginia,Wytheville,VA,The Bug Shop,auto,Website,Verify,4,1,No website listed (OSM) — verify with a quick Google/call; Business email is eastwoodbug@yahoo.com,+1-276-228-3655,,355 West Main Street,https://www.google.com/maps/search/?api=1&query=The%20Bug%20Shop%20Wytheville%20VA,OSM,
SW Virginia,Blacksburg,VA,New River Auto Care,auto,Website,High,3,2,SSL certificate broken/expired,+1-540-951-1404,http://www.gottrust.org/newriverautocare,4370 Prices Fork Road,https://www.google.com/maps/search/?api=1&query=New%20River%20Auto%20Care%20Blacksburg%20VA,OSM,
SW Virginia,Blacksburg,VA,Walnut Springs Towing & Auto,auto,Website,High,5,0,Domain parked — site is gone,+1-540-418-4954,https://walnutspringstowing.com/,1910 Brooksfield Road,https://www.google.com/maps/search/?api=1&query=Walnut%20Springs%20Towing%20%26%20Auto%20Blacksburg%20VA,OSM,
SW Virginia,Radford,VA,Arabica Cafe & Bakery,food,Website,High,3,2,Weebly builder; Uses free email for business (arabica1coffee@gmail.com); Business email is arabica1coffee@gmail.com,+1-540-818-6302,https://arabicacafe.square.site/,1158 East Main Street,https://www.google.com/maps/search/?api=1&query=Arabica%20Cafe%20%26%20Bakery%20Radford%20VA,OSM,
SW Virginia,Radford,VA,Phoenix Rising Dough,food,Website,High,3,2,Weebly builder; Uses free email for business (phoenixrisingdough@gmail.com); Business email is phoenixrisingdough@gmail.com,+1-540-505-0702,https://www.phoenixrisingdough.com,1019 East Main Street,https://www.google.com/maps/search/?api=1&query=Phoenix%20Rising%20Dough%20Radford%20VA,OSM,
SW Virginia,Roanoke,VA,The Hatch,food,Website,High,3,2,SSL certificate broken/expired,+15405664058,https://www.thehatchroanoke.com/,32 Market Street Southeast,https://www.google.com/maps/search/?api=1&query=The%20Hatch%20Roanoke%20VA,OSM,
SW Virginia,Roanoke,VA,The Albemarle Bakery & Coffee House,food,Website,High,3,2,GoDaddy site builder; Uses free email for business (tizzoneunwined@gmail.com); Business email is jbun25@icloud.com,+1-540-952-3842,https://thealbemarlehouse.com/,,https://www.google.com/maps/search/?api=1&query=The%20Albemarle%20Bakery%20%26%20Coffee%20House%20Roanoke%20VA,OSM,
Western NC,Boone,NC,The Local,food,Website,High,4,1,Copyright stuck at 2023; Wix builder; Uses free email for business (thelocalboone@gmail.com),+1-828-266-2179,https://www.thelocalboone.com/,179 Howard Street,https://www.google.com/maps/search/?api=1&query=The%20Local%20Boone%20NC,OSM,
Western NC,Boone,NC,Blowing Rock Realty,realestate,Website,High,3,2,Uses Flash (dead tech),+1 828 295 9861,http://www.blowingrockrealty.com/,1150 Main Street,https://www.google.com/maps/search/?api=1&query=Blowing%20Rock%20Realty%20Boone%20NC,OSM,
Western NC,Boone,NC,Foggy Mountain Gem Mine,hospitality,Website,High,3,2,GoDaddy site builder; Uses free email for business (foggymountaingems@gmail.com); Business email is foggymountaingems@gmail.com,+1-828-963-4367,https://www.foggymountaingems.com/,2422 US 321,https://www.google.com/maps/search/?api=1&query=Foggy%20Mountain%20Gem%20Mine%20Boone%20NC,OSM,
Western NC,Spruce Pine,NC,Rio Doce Gem Mine,trades,Website,High,4,1,Copyright stuck at 2017; Wix builder; Uses free email for business (sansdwebdesign@gmail.com),+18287652099,https://www.riodoce.com/,14622 Highway 226 South,https://www.google.com/maps/search/?api=1&query=Rio%20Doce%20Gem%20Mine%20Spruce%20Pine%20NC,OSM,
Western NC,Hickory,NC,Hickory Electric,trades,Website,High,3,2,GoDaddy site builder; WordPress 2.10 (outdated); Business email is Hickoryelectric1@Gmail.Com,+1-828-679-1312,https://www.hickoryelectric.com/,1081 16th Avenue Northwest,https://www.google.com/maps/search/?api=1&query=Hickory%20Electric%20Hickory%20NC,OSM,
Western NC,Hickory,NC,Metalwerx,auto,Website,High,3,2,SSL certificate broken/expired,+1-704-575-1307,http://metalwerxdesign.com/,201 33rd Street Drive Southeast,https://www.google.com/maps/search/?api=1&query=Metalwerx%20Hickory%20NC,OSM,
NE Tennessee,Johnson City,TN,"S.B. White Co., Inc.",professional,Website,High,3,1,Copyright stuck at 2020; WordPress 2.7 (outdated),+1-423-926-8127,https://sbwhiteco.com/,226-228 East Market Street,https://www.google.com/maps/search/?api=1&query=S.B.%20White%20Co.%2C%20Inc.%20Johnson%20City%20TN,OSM,
NE Tennessee,Johnson City,TN,"Kimball M. Sterling, Inc.",retail,Website,High,3,1,Not mobile-friendly (no viewport meta); Uses free email for business (kimballsterling@earthlink.net),+1-423-773-4073,https://www.auctionauction.com/,125 West Market Street,https://www.google.com/maps/search/?api=1&query=Kimball%20M.%20Sterling%2C%20Inc.%20Johnson%20City%20TN,OSM,
NE Tennessee,Kingsport,TN,Luna’s Nail and Wax,retail,Website,High,4,0,Facebook/Instagram page instead of a real website,+14237650904,https://linktr.ee/lunasnailandwax,1805 North Eastman Road,https://www.google.com/maps/search/?api=1&query=Luna%E2%80%99s%20Nail%20and%20Wax%20Kingsport%20TN,OSM,
NE Tennessee,Elizabethton,TN,Kimbo's Country Cooking,food,Website,High,4,0,Facebook/Instagram page instead of a real website,+1-423-474-3268,https://www.facebook.com/people/Kimbos-Country-Cooking/100094253677159/?mibextid=rS40aB7S9Ucbxw6v,256 91,https://www.google.com/maps/search/?api=1&query=Kimbo's%20Country%20Cooking%20Elizabethton%20TN,OSM,
NE Tennessee,Greeneville,TN,Greene Farmers Co-Op,retail,Website,High,3,1,Copyright stuck at 2017; WordPress 5.3 (outdated),+14236388101,https://www.greenefarmerscoop.com/,1414 West Main Street,https://www.google.com/maps/search/?api=1&query=Greene%20Farmers%20Co-Op%20Greeneville%20TN,OSM,
Upstate/N SC,Greenville,SC,Fitness Bar,fitness,Website,High,4,0,Facebook/Instagram page instead of a real website,+1 864-438-6630,https://www.facebook.com/FitnessBarGVL/,1926 Cedar Lane Road,https://www.google.com/maps/search/?api=1&query=Fitness%20Bar%20Greenville%20SC,OSM,
Upstate/N SC,Greer,SC,Chelsea's Ladies Clothing and Accessories,retail,Website,High,4,0,Facebook/Instagram page instead of a real website,+1 864-234-7128,https://www.facebook.com/ChelseasClothingAccessories/,,https://www.google.com/maps/search/?api=1&query=Chelsea's%20Ladies%20Clothing%20and%20Accessories%20Greer%20SC,OSM,
Upstate/N SC,Greer,SC,Clyde Rodgers Barbershop,retail,Website,High,4,0,Facebook/Instagram page instead of a real website,+1-864-431-8032,https://www.facebook.com/clyderogersbarbershop,,https://www.google.com/maps/search/?api=1&query=Clyde%20Rodgers%20Barbershop%20Greer%20SC,OSM,
Upstate/N SC,Greer,SC,A Classic Salon,retail,Website,High,4,0,Facebook/Instagram page instead of a real website,+1-931-337-7003,https://www.facebook.com/StylinbyAngie,12996 East Wade Hampton Boulevard,https://www.google.com/maps/search/?api=1&query=A%20Classic%20Salon%20Greer%20SC,OSM,
Upstate/N SC,Spartanburg,SC,Sun Nails,retail,Website,High,4,0,Facebook/Instagram page instead of a real website,+1-864-486-8800,https://www.facebook.com/Sun-Nails-185684571467073/,,https://www.google.com/maps/search/?api=1&query=Sun%20Nails%20Spartanburg%20SC,OSM,
Upstate/N SC,Spartanburg,SC,Chikie's Sweetery & Bakeshop,food,Website,High,4,0,Facebook/Instagram page instead of a real website,+1-864-631-7249,https://www.facebook.com/ChikiesSB,,https://www.google.com/maps/search/?api=1&query=Chikie's%20Sweetery%20%26%20Bakeshop%20Spartanburg%20SC,OSM,
Upstate/N SC,Easley,SC,Farmacy,retail,Website,High,4,0,Facebook/Instagram page instead of a real website,+1-864-442-6777,https://facebook.com/thefarmacyeasley,508 South B Street,https://www.google.com/maps/search/?api=1&query=Farmacy%20Easley%20SC,OSM,
Upstate/N SC,Seneca/Clemson,SC,Charles and Al's Barber Shop,retail,Website,High,4,0,Facebook/Instagram page instead of a real website,+1-864-654-3421,https://www.facebook.com/people/Charles-and-Als-Barbershop/100063680375171/,391 College Ave,https://www.google.com/maps/search/?api=1&query=Charles%20and%20Al's%20Barber%20Shop%20Seneca%2FClemson%20SC,OSM,
Upstate/N SC,Rock Hill,SC,Beacons Child Development Center,professional,Website,High,4,0,Facebook/Instagram page instead of a real website,+1 803-328-9020,https://www.facebook.com/CDCHerlong,481 South Herlong Avenue,https://www.google.com/maps/search/?api=1&query=Beacons%20Child%20Development%20Center%20Rock%20Hill%20SC,OSM,
SE Kentucky,Whitesburg,KY,Annie's Frugal Finery,retail,Website,High,4,0,Facebook/Instagram page instead of a real website,+1 606 6334829,https://www.facebook.com/anniesfrugalfinery/,,https://www.google.com/maps/search/?api=1&query=Annie's%20Frugal%20Finery%20Whitesburg%20KY,OSM,
SE Kentucky,Middlesboro,KY,East End Pawn,retail,Website,High,4,0,Facebook/Instagram page instead of a real website,+16062487898,http://www.facebook.com/eastend.pawn,,https://www.google.com/maps/search/?api=1&query=East%20End%20Pawn%20Middlesboro%20KY,OSM,
Southern WV,Welch,WV,Sure Clean Laundries,retail,Website,High,4,0,Facebook/Instagram page instead of a real website,+1-681-201-2222,https://www.facebook.com/SureCleanLaundries,891 Stewart Street,https://www.google.com/maps/search/?api=1&query=Sure%20Clean%20Laundries%20Welch%20WV,OSM,
Southern WV,Welch,WV,The Owl,food,Website,High,4,0,Facebook/Instagram page instead of a real website,+1 304 875 3939,https://www.facebook.com/TheOwlJonesWar/,11724 Rocket Boys Drive,https://www.google.com/maps/search/?api=1&query=The%20Owl%20Welch%20WV,OSM,
Southern WV,Hinton,WV,Hinton Gun & Pawn,retail,Website,High,4,0,Facebook/Instagram page instead of a real website,+1-304-466-5000,https://www.facebook.com/Hinton-Gun-and-Pawn-1272730966212838/,310 3rd Avenue,https://www.google.com/maps/search/?api=1&query=Hinton%20Gun%20%26%20Pawn%20Hinton%20WV,OSM,
Southern WV,Hinton,WV,Chestnut Revival,food,Website,High,4,0,Facebook/Instagram page instead of a real website,+13044661377,https://www.facebook.com/chestnutrevival/,401 Summers Street,https://www.google.com/maps/search/?api=1&query=Chestnut%20Revival%20Hinton%20WV,OSM,
Southern WV,Hinton,WV,Jack's Bargain Barn,retail,Website,High,4,0,Facebook/Instagram page instead of a real website,+1-681-207-7347,https://www.facebook.com/JacksBargainBarn/,,https://www.google.com/maps/search/?api=1&query=Jack's%20Bargain%20Barn%20Hinton%20WV,OSM,
Southern WV,Williamson,WV,Hideaway Novelties,retail,Website,High,4,0,Facebook/Instagram page instead of a real website,+1-606-257-1152,https://www.facebook.com/Hideaway.Novelties/,154 Appalachian Plaza,https://www.google.com/maps/search/?api=1&query=Hideaway%20Novelties%20Williamson%20WV,OSM,
SW Virginia,Bristol,VA,Shoozies,retail,Website,High,4,0,Facebook/Instagram page instead of a real website,+1 276-644-3275,https://www.facebook.com/pages/Shoozies/192904697390199,,https://www.google.com/maps/search/?api=1&query=Shoozies%20Bristol%20VA,OSM,
SW Virginia,Bristol,VA,Root of Envy,retail,Website,High,4,0,Facebook/Instagram page instead of a real website,+1 276-644-1505,https://www.facebook.com/pages/Root-of-Envy/322765056051,,https://www.google.com/maps/search/?api=1&query=Root%20of%20Envy%20Bristol%20VA,OSM,
SW Virginia,Bristol,VA,Bella's Pizza and Subs,food,Website,High,4,0,Facebook/Instagram page instead of a real website,+1 276-628-8101,https://www.facebook.com/bellaspizzaandsubs,872 East Main Street,https://www.google.com/maps/search/?api=1&query=Bella's%20Pizza%20and%20Subs%20Bristol%20VA,OSM,
SW Virginia,Galax,VA,Zana's Cleaning Center,retail,Website,High,4,0,Facebook/Instagram page instead of a real website,+1-276-238-1473,https://www.facebook.com/zanascleancenter/,971 East Stuart Drive,https://www.google.com/maps/search/?api=1&query=Zana's%20Cleaning%20Center%20Galax%20VA,OSM,
SW Virginia,Lebanon,VA,Out of Town Café,food,Website,High,4,0,Facebook/Instagram page instead of a real website,+12768835390,https://www.facebook.com/outoftowncafe/,733 Pioneer Drive,https://www.google.com/maps/search/?api=1&query=Out%20of%20Town%20Caf%C3%A9%20Lebanon%20VA,OSM,
SW Virginia,Lebanon,VA,Jill's Professioal Pet Groomer,retail,Website,High,4,0,Facebook/Instagram page instead of a real website,+1-276-701-7462,https://www.facebook.com/JillsProfessionalPetGrooming/,1090 Pioneer Drive,https://www.google.com/maps/search/?api=1&query=Jill's%20Professioal%20Pet%20Groomer%20Lebanon%20VA,OSM,
SW Virginia,Lebanon,VA,Jill's Professional Pet Grooming,retail,Website,High,4,0,Facebook/Instagram page instead of a real website,+1-276-701-7462,https://www.facebook.com/JillsProfessionalPetGrooming/,1090 Pioneer Drive,https://www.google.com/maps/search/?api=1&query=Jill's%20Professional%20Pet%20Grooming%20Lebanon%20VA,OSM,
SW Virginia,Richlands,VA,The Railway Depot,food,Website,High,4,0,Facebook/Instagram page instead of a real website,+1-276-598-4487,https://www.facebook.com/TheRailwayDepot,1557 Front Street,https://www.google.com/maps/search/?api=1&query=The%20Railway%20Depot%20Richlands%20VA,OSM,
SW Virginia,Richlands,VA,Richlands Record Exchange,retail,Website,High,4,0,Facebook/Instagram page instead of a real website,+1-276-963-7037,https://www.facebook.com/RichlandsRECORDEXCHANGE/,140 Kents Ridge Road,https://www.google.com/maps/search/?api=1&query=Richlands%20Record%20Exchange%20Richlands%20VA,OSM,
SW Virginia,Blacksburg,VA,Professional Catering Inc.,trades,Website,High,4,0,Uses Flash (dead tech); Wix builder,+1-540-961-9800,https://professionalcateringinc.com/,913 Hethwood Boulevard,https://www.google.com/maps/search/?api=1&query=Professional%20Catering%20Inc.%20Blacksburg%20VA,OSM,
SW Virginia,Christiansburg,VA,AA Automatic Transmissions,auto,Website,High,3,1,Copyright stuck at 2023; WordPress 4.2 (outdated),+1 540-382-5959,https://aaautomatictransmissions.com/,591 Depot Street Northeast,https://www.google.com/maps/search/?api=1&query=AA%20Automatic%20Transmissions%20Christiansburg%20VA,OSM,
SW Virginia,Blacksburg,VA,Bonomo's Clothiers,retail,Website,High,4,0,Facebook/Instagram page instead of a real website,+1-540-951-8102,https://www.facebook.com/p/Bonomos-Clothiers-100057726150927/,860 University City Boulevard,https://www.google.com/maps/search/?api=1&query=Bonomo's%20Clothiers%20Blacksburg%20VA,OSM,
SW Virginia,Blacksburg,VA,Top Nails,retail,Website,High,4,0,Facebook/Instagram page instead of a real website,+1-540-951-3226,https://www.facebook.com/topnailsblacksburg,860 University City Boulevard,https://www.google.com/maps/search/?api=1&query=Top%20Nails%20Blacksburg%20VA,OSM,
SW Virginia,Blacksburg,VA,622 North,food,Website,High,3,1,Not mobile-friendly (no viewport meta); WordPress 3.7 (outdated),+1-540-951-1022,https://www.622north.com/,622 North Main Street,https://www.google.com/maps/search/?api=1&query=622%20North%20Blacksburg%20VA,OSM,
SW Virginia,Christiansburg,VA,Poppy's,food,Website,High,4,0,Facebook/Instagram page instead of a real website,+1 540-230-4694,https://www.facebook.com/share/15vDnuaYTV/?mibextid=wwXIfr,317 Depot Street Northwest,https://www.google.com/maps/search/?api=1&query=Poppy's%20Christiansburg%20VA,OSM,
SW Virginia,Roanoke,VA,Pancho Mexican Restaurant,food,Website,High,4,0,Facebook/Instagram page instead of a real website,+1 540 591 5274,https://www.facebook.com/panchomexican/,412 Roanoke Road,https://www.google.com/maps/search/?api=1&query=Pancho%20Mexican%20Restaurant%20Roanoke%20VA,OSM,
Western NC,Asheville,NC,Import Concepts 2,auto,Website,High,3,1,Copyright stuck at 2018; Uses free email for business (ashevillehondaacuraservice@gmail.com),+1-828-258-2256,https://importconcepts2.com/,1 Sawyer Road,https://www.google.com/maps/search/?api=1&query=Import%20Concepts%202%20Asheville%20NC,OSM,
Western NC,Asheville,NC,Valentine Tattoo & Piercing,retail,Website,High,4,0,Facebook/Instagram page instead of a real website,+18285050400,https://www.instagram.com/valentinetattooavl/,1334 Patton Avenue,https://www.google.com/maps/search/?api=1&query=Valentine%20Tattoo%20%26%20Piercing%20Asheville%20NC,OSM,
Western NC,Asheville,NC,Ay Caramba Mexican Grill & Bar,food,Website,High,4,0,Facebook/Instagram page instead of a real website,+18285050086,https://www.facebook.com/AyCarambaNorthAVL/,853 Merrimon Ave.,https://www.google.com/maps/search/?api=1&query=Ay%20Caramba%20Mexican%20Grill%20%26%20Bar%20Asheville%20NC,OSM,
Western NC,Hendersonville,NC,GypsyHeart,retail,Website,High,4,0,Facebook/Instagram page instead of a real website,+1 828-698-0060,https://www.facebook.com/pages/GypsyHeart/273222172701181,,https://www.google.com/maps/search/?api=1&query=GypsyHeart%20Hendersonville%20NC,OSM,
Western NC,Hendersonville,NC,Sherman's Sports,retail,Website,High,4,0,Facebook/Instagram page instead of a real website,+1 828-693-5422,https://www.facebook.com/pages/Shermans-Sports/119033984813912,,https://www.google.com/maps/search/?api=1&query=Sherman's%20Sports%20Hendersonville%20NC,OSM,
Western NC,Hendersonville,NC,CAKES DU-JOUR,food,Website,High,3,1,Not mobile-friendly (no viewport meta); Business email is cakesdujour@gmail.com,+1-828-694-0734,https://www.cakesdujour.com/,414 North Church Street,https://www.google.com/maps/search/?api=1&query=CAKES%20DU-JOUR%20Hendersonville%20NC,OSM,
Western NC,Hendersonville,NC,Carolina Mountain Artists Guild,retail,Website,High,4,0,Facebook/Instagram page instead of a real website,+1 828-696-0707,https://www.facebook.com/CarolinaArtists,,https://www.google.com/maps/search/?api=1&query=Carolina%20Mountain%20Artists%20Guild%20Hendersonville%20NC,OSM,
Western NC,Hendersonville,NC,Mean Mustard's Cafe,food,Website,High,3,1,Not mobile-friendly (no viewport meta); Business email is dianerosemond@yahoo.com,+1 828 698 8584,http://meanmrmustards.com/,,https://www.google.com/maps/search/?api=1&query=Mean%20Mustard's%20Cafe%20Hendersonville%20NC,OSM,
Western NC,Waynesville,NC,High Country Style,retail,Website,High,4,0,Facebook/Instagram page instead of a real website,+1 828-452-3611,https://www.facebook.com/HighCountryStyleWaynesville,,https://www.google.com/maps/search/?api=1&query=High%20Country%20Style%20Waynesville%20NC,OSM,
Western NC,Waynesville,NC,Turnabouts at Burr Studio,retail,Website,High,4,0,Facebook/Instagram page instead of a real website,+1 828-456-7400,https://www.facebook.com/pages/Turnabouts-at-Burr-Studio/201028546583085,,https://www.google.com/maps/search/?api=1&query=Turnabouts%20at%20Burr%20Studio%20Waynesville%20NC,OSM,
Western NC,Waynesville,NC,Main Street Perks,food,Website,High,4,0,Facebook/Instagram page instead of a real website,+1 828-456-8488,https://www.facebook.com/MainStreetPerks,,https://www.google.com/maps/search/?api=1&query=Main%20Street%20Perks%20Waynesville%20NC,OSM,
Western NC,Murphy,NC,Crane Creek Vineyards,trades,Website,High,3,1,Copyright stuck at 2023; WordPress 3.110 (outdated),+1-706-379-1236,https://www.cranecreekvineyards.com/,916 Crane Creek Road,https://www.google.com/maps/search/?api=1&query=Crane%20Creek%20Vineyards%20Murphy%20NC,OSM,
Western NC,Murphy,NC,Cane Creek Vineyards Tasting Room,trades,Website,High,3,1,Copyright stuck at 2023; WordPress 3.110 (outdated),+1-706-379-1236,https://www.cranecreekvineyards.com,,https://www.google.com/maps/search/?api=1&query=Cane%20Creek%20Vineyards%20Tasting%20Room%20Murphy%20NC,OSM,
Western NC,Boone,NC,Kevin's Kutz and Barber Shop,retail,Website,High,4,0,Facebook/Instagram page instead of a real website,+1-828-217-9308,https://www.facebook.com/kevinkutzbarbershop/,207 Winklers Creek Road,https://www.google.com/maps/search/?api=1&query=Kevin's%20Kutz%20and%20Barber%20Shop%20Boone%20NC,OSM,
Western NC,Spruce Pine,NC,Parkview Lodge & Cabins,hospitality,Website,High,3,1,Copyright stuck at 2018; Uses free email for business (parkview10345@gmail.com),+18287654787,https://www.parkviewlodge.com/,10345 Linville Falls Highway,https://www.google.com/maps/search/?api=1&query=Parkview%20Lodge%20%26%20Cabins%20Spruce%20Pine%20NC,OSM,
Western NC,Spruce Pine,NC,The Service Station,retail,Website,High,4,0,Facebook/Instagram page instead of a real website,+18287376822,https://www.facebook.com/crossnoreservicestation/,5142 Linville Falls Highway,https://www.google.com/maps/search/?api=1&query=The%20Service%20Station%20Spruce%20Pine%20NC,OSM,
Western NC,Spruce Pine,NC,Red Wolff Kitchen,food,Website,High,4,0,Facebook/Instagram page instead of a real website,+18286889332,https://www.instagram.com/redwolffkitchen/,144 Hemlock Drive,https://www.google.com/maps/search/?api=1&query=Red%20Wolff%20Kitchen%20Spruce%20Pine%20NC,OSM,
Western NC,Hickory,NC,Fresh Depot,food,Website,High,4,0,Facebook/Instagram page instead of a real website,+18282125111,https://www.facebook.com/TheFreshDepotLLC,4086 Hickory Boulevard,https://www.google.com/maps/search/?api=1&query=Fresh%20Depot%20Hickory%20NC,OSM,
Western NC,Hickory,NC,Jim Armstrong Subaru,auto,Website,High,3,1,Not mobile-friendly (no viewport meta); Uses free email for business (armstrongsubaru@yahoo.com),+1-888-473-5428,https://www.jimarmstrongsubaru.com/,2321 US 70 SW,https://www.google.com/maps/search/?api=1&query=Jim%20Armstrong%20Subaru%20Hickory%20NC,OSM,
NE Tennessee,Johnson City,TN,Open Doors Coffee,food,Website,High,3,0,Copyright stuck at 2022; Weebly builder,+1-423-268-2997,https://www.opendoorscoffee.com/,101 East 8th Avenue,https://www.google.com/maps/search/?api=1&query=Open%20Doors%20Coffee%20Johnson%20City%20TN,OSM,
NE Tennessee,Johnson City,TN,Vision Quest VR,retail,Website,High,3,0,Copyright stuck at 2019; GoDaddy site builder,+1-423-328-0346,https://visionquestvr.com/,1013 Hamilton Place,https://www.google.com/maps/search/?api=1&query=Vision%20Quest%20VR%20Johnson%20City%20TN,OSM,
NE Tennessee,Johnson City,TN,The Manhattan Bride,retail,Website,High,3,0,Copyright stuck at 2023; GoDaddy site builder,+1-423-839-3588,https://themanhattanbride.com/,316 East Main Street,https://www.google.com/maps/search/?api=1&query=The%20Manhattan%20Bride%20Johnson%20City%20TN,OSM,
NE Tennessee,Johnson City,TN,Mojo Skate Board Shop,retail,Website,High,3,0,Copyright stuck at 2023; GoDaddy site builder,+1-423-283-9455,https://mojoskateshop.com/,722 West Walnut Street,https://www.google.com/maps/search/?api=1&query=Mojo%20Skate%20Board%20Shop%20Johnson%20City%20TN,OSM,
NE Tennessee,Elizabethton,TN,Travelers Inn,hospitality,Website,Verify,3,0,No website listed (OSM) — verify with a quick Google/call,+1-423-543-3344,,,https://www.google.com/maps/search/?api=1&query=Travelers%20Inn%20Elizabethton%20TN,OSM,
NE Tennessee,Elizabethton,TN,Ron's Small Engine Repair,trades,Website,Verify,3,0,No website listed (OSM) — verify with a quick Google/call,+18287788187,,1024 Bristol Highway,https://www.google.com/maps/search/?api=1&query=Ron's%20Small%20Engine%20Repair%20Elizabethton%20TN,OSM,
NE Tennessee,Elizabethton,TN,One Way Alternators and Starters,auto,Website,Verify,3,0,No website listed (OSM) — verify with a quick Google/call,+14235424010,,1023 Bristol Highway,https://www.google.com/maps/search/?api=1&query=One%20Way%20Alternators%20and%20Starters%20Elizabethton%20TN,OSM,
NE Tennessee,Elizabethton,TN,Mike's Topline Auto Repair,auto,Website,Verify,3,0,No website listed (OSM) — verify with a quick Google/call,+1-423-518-1818,,1970 West Elk Avenue,https://www.google.com/maps/search/?api=1&query=Mike's%20Topline%20Auto%20Repair%20Elizabethton%20TN,OSM,
NE Tennessee,Kingsport,TN,Now or Never,retail,Website,High,3,0,Copyright stuck at 2023; Wix builder,+1-423-392-0161,https://www.nowornevergallery.com/,201 Broad Street,https://www.google.com/maps/search/?api=1&query=Now%20or%20Never%20Kingsport%20TN,OSM,
NE Tennessee,Kingsport,TN,West Arts Tattoo Studio,retail,Website,High,3,0,Not mobile-friendly (no viewport meta); Weebly builder,+14233675075,http://westartstattoostudio.weebly.com/,1805 North Eastman Road,https://www.google.com/maps/search/?api=1&query=West%20Arts%20Tattoo%20Studio%20Kingsport%20TN,OSM,
NE Tennessee,Kingsport,TN,Calhoun Motor Company,auto,Website,Verify,3,0,No website listed (OSM) — verify with a quick Google/call,+14235307001,,2607 Fort Henry Drive,https://www.google.com/maps/search/?api=1&query=Calhoun%20Motor%20Company%20Kingsport%20TN,OSM,
NE Tennessee,Elizabethton,TN,Stoney Creek Collision,auto,Website,Verify,3,0,No website listed (OSM) — verify with a quick Google/call,+1-423-542-4220,,768 TN-91,https://www.google.com/maps/search/?api=1&query=Stoney%20Creek%20Collision%20Elizabethton%20TN,OSM,
NE Tennessee,Elizabethton,TN,Danny's Auto Glass & Upholstery,auto,Website,Verify,3,0,No website listed (OSM) — verify with a quick Google/call,+1-423-542-2201,,520 Hattie Avenue,https://www.google.com/maps/search/?api=1&query=Danny's%20Auto%20Glass%20%26%20Upholstery%20Elizabethton%20TN,OSM,
NE Tennessee,Elizabethton,TN,Puerto Nuevo,food,Website,High,3,0,Copyright stuck at 2014; Wix builder,+1-423-543-1313,https://www.puertonuevobe.com,1361 Veterans Memorial Parkway,https://www.google.com/maps/search/?api=1&query=Puerto%20Nuevo%20Elizabethton%20TN,OSM,
NE Tennessee,Elizabethton,TN,Eastside Auto Center,auto,Website,Verify,3,0,No website listed (OSM) — verify with a quick Google/call,+1-423-542-9600,,1447 Veterans Memorial Parkway,https://www.google.com/maps/search/?api=1&query=Eastside%20Auto%20Center%20Elizabethton%20TN,OSM,
NE Tennessee,Elizabethton,TN,City Motors,auto,Website,Verify,3,0,No website listed (OSM) — verify with a quick Google/call,+1-423-542-9994,,4250 US 19E,https://www.google.com/maps/search/?api=1&query=City%20Motors%20Elizabethton%20TN,OSM,
NE Tennessee,Elizabethton,TN,Tennessee Auto Sales,auto,Website,Verify,3,0,No website listed (OSM) — verify with a quick Google/call,+1-423-460-8613,,425 East E Street,https://www.google.com/maps/search/?api=1&query=Tennessee%20Auto%20Sales%20Elizabethton%20TN,OSM,
NE Tennessee,Morristown,TN,ASP Window Tinting,auto,Website,Verify,3,0,No website listed (OSM) — verify with a quick Google/call,+1-423-586-2006,,,https://www.google.com/maps/search/?api=1&query=ASP%20Window%20Tinting%20Morristown%20TN,OSM,
Upstate/N SC,Greenville,SC,Especially Auto Services,auto,Website,Verify,3,0,No website listed (OSM) — verify with a quick Google/call,+1-864-235-0720,,2 Oneal Street,https://www.google.com/maps/search/?api=1&query=Especially%20Auto%20Services%20Greenville%20SC,OSM,
Upstate/N SC,Greenville,SC,PowerStar Auto,auto,Website,Verify,3,0,No website listed (OSM) — verify with a quick Google/call,+1-864-289-0600,,,https://www.google.com/maps/search/?api=1&query=PowerStar%20Auto%20Greenville%20SC,OSM,
Upstate/N SC,Greenville,SC,Welcome Creek Mobile Home,hospitality,Website,Verify,3,0,No website listed (OSM) — verify with a quick Google/call,+1-864-360-4738,,220 Old Grove Road,https://www.google.com/maps/search/?api=1&query=Welcome%20Creek%20Mobile%20Home%20Greenville%20SC,OSM,
Upstate/N SC,Greenville,SC,Advanced Transmissions,auto,Website,Verify,3,0,No website listed (OSM) — verify with a quick Google/call,+1-864-299-9600,,407 West Butler Road,https://www.google.com/maps/search/?api=1&query=Advanced%20Transmissions%20Greenville%20SC,OSM,
Upstate/N SC,Greenville,SC,University Inn,hospitality,Website,Verify,3,0,No website listed (OSM) — verify with a quick Google/call,+1 864 246 8981,,307 Highway 25 North,https://www.google.com/maps/search/?api=1&query=University%20Inn%20Greenville%20SC,OSM,
Upstate/N SC,Greer,SC,Moore Photography,trades,Website,Verify,3,0,No website listed (OSM) — verify with a quick Google/call,+1-864-439-8561,,142 West Main Street,https://www.google.com/maps/search/?api=1&query=Moore%20Photography%20Greer%20SC,OSM,
Upstate/N SC,Greer,SC,Gallego's Auto Sales LLC,auto,Website,Verify,3,0,No website listed (OSM) — verify with a quick Google/call,+1-864-363-6551,,,https://www.google.com/maps/search/?api=1&query=Gallego's%20Auto%20Sales%20LLC%20Greer%20SC,OSM,
Upstate/N SC,Greer,SC,Dick Brooks Preowned,auto,Website,Verify,3,0,No website listed (OSM) — verify with a quick Google/call,+1-864-732-1051,,,https://www.google.com/maps/search/?api=1&query=Dick%20Brooks%20Preowned%20Greer%20SC,OSM,
Upstate/N SC,Greer,SC,Lake Robinson RV Park,hospitality,Website,Verify,3,0,No website listed (OSM) — verify with a quick Google/call,+1-864-895-2500,,612 Groce Meadow Road,https://www.google.com/maps/search/?api=1&query=Lake%20Robinson%20RV%20Park%20Greer%20SC,OSM,
Upstate/N SC,Greer,SC,Lake Robinson RV Park,hospitality,Website,Verify,3,0,No website listed (OSM) — verify with a quick Google/call,+1-864-895-2500,,638 Groce Meadow Road,https://www.google.com/maps/search/?api=1&query=Lake%20Robinson%20RV%20Park%20Greer%20SC,OSM,
Upstate/N SC,Spartanburg,SC,"Ad Craft Signs, Inc",trades,Website,Verify,3,0,No website listed (OSM) — verify with a quick Google/call,+1-864-583-3530,,176 John B White Sr Boulevard,https://www.google.com/maps/search/?api=1&query=Ad%20Craft%20Signs%2C%20Inc%20Spartanburg%20SC,OSM,
Upstate/N SC,Spartanburg,SC,T&B Manufacturing and Fabrication,construction,Website,Verify,3,0,No website listed (OSM) — verify with a quick Google/call,+1-864-809-6844,,131 Painter Road,https://www.google.com/maps/search/?api=1&query=T%26B%20Manufacturing%20and%20Fabrication%20Spartanburg%20SC,OSM,
Upstate/N SC,Easley,SC,Wheeler's Body Shop,auto,Website,Verify,3,0,No website listed (OSM) — verify with a quick Google/call,+18648591895,,1106 South 5th Street,https://www.google.com/maps/search/?api=1&query=Wheeler's%20Body%20Shop%20Easley%20SC,OSM,
Upstate/N SC,Seneca/Clemson,SC,Davis Bros Lumber Company,trades,Website,Verify,3,0,No website listed (OSM) — verify with a quick Google/call,+1-864-882-8052,,299 Richland Road,https://www.google.com/maps/search/?api=1&query=Davis%20Bros%20Lumber%20Company%20Seneca%2FClemson%20SC,OSM,
Upstate/N SC,Rock Hill,SC,Economy Inn Ezpress,hospitality,Website,Verify,3,0,No website listed (OSM) — verify with a quick Google/call,+1-803-329-5252,,840 Riverview Road,https://www.google.com/maps/search/?api=1&query=Economy%20Inn%20Ezpress%20Rock%20Hill%20SC,OSM,
Upstate/N SC,Laurens,SC,Riverside Garage & Tire Inc,auto,Website,Verify,3,0,No website listed (OSM) — verify with a quick Google/call,+1-864-681-0082,,1521 West Main Street,https://www.google.com/maps/search/?api=1&query=Riverside%20Garage%20%26%20Tire%20Inc%20Laurens%20SC,OSM,
SE Kentucky,Pikeville,KY,Daniel Boone Motor Inn,hospitality,Website,Verify,3,0,No website listed (OSM) — verify with a quick Google/call,+1-606-432-0365,,150 Weddington Branch Road,https://www.google.com/maps/search/?api=1&query=Daniel%20Boone%20Motor%20Inn%20Pikeville%20KY,OSM,
SE Kentucky,Middlesboro,KY,Holiday Tires & Service,auto,Website,Verify,3,0,No website listed (OSM) — verify with a quick Google/call,+1-423-869-2755,,225 South Cumberland Drive,https://www.google.com/maps/search/?api=1&query=Holiday%20Tires%20%26%20Service%20Middlesboro%20KY,OSM,
SE Kentucky,Corbin,KY,David’s steak house,food,Website,High,3,0,Copyright stuck at 2022; GoDaddy site builder,+1-606-528-0063,https://davidssteakhouse.com/,125 W Corbin Bypass,https://www.google.com/maps/search/?api=1&query=David%E2%80%99s%20steak%20house%20Corbin%20KY,OSM,
SE Kentucky,Corbin,KY,Yamato Steak House,food,Website,High,3,0,Copyright stuck at 2021; Wix builder,+1 606-526-8883,https://yamatocorbin.com,14892 North US Highway 25 East,https://www.google.com/maps/search/?api=1&query=Yamato%20Steak%20House%20Corbin%20KY,OSM,
Southern WV,Welch,WV,Greg's Used Cars,auto,Website,Verify,3,0,No website listed (OSM) — verify with a quick Google/call,+1 304 873 3075,,14128 Rocket Boys Drive,https://www.google.com/maps/search/?api=1&query=Greg's%20Used%20Cars%20Welch%20WV,OSM,
Southern WV,Beckley,WV,Hamb's Auto Parts & Hardware Store,auto,Website,Verify,3,0,No website listed (OSM) — verify with a quick Google/call,+13049346431,,6461 Harper Road,https://www.google.com/maps/search/?api=1&query=Hamb's%20Auto%20Parts%20%26%20Hardware%20Store%20Beckley%20WV,OSM,
Southern WV,Beckley,WV,Fairchild Motor Company,auto,Website,High,3,0,Copyright stuck at 2019; Wix builder,+13048948710,https://www.fairchildmotorcompany.com/,260 Industrial Park Road,https://www.google.com/maps/search/?api=1&query=Fairchild%20Motor%20Company%20Beckley%20WV,OSM,
Southern WV,Hinton,WV,Otter & Oak,retail,Website,High,3,0,Copyright stuck at 2015; Wix builder,+1-304-466-4870,https://www.otterandoak.com/,302 2nd Avenue,https://www.google.com/maps/search/?api=1&query=Otter%20%26%20Oak%20Hinton%20WV,OSM,
Southern WV,Hinton,WV,Scooter's Garage,auto,Website,Verify,3,0,No website listed (OSM) — verify with a quick Google/call,+1-304-466-0481,,107 Doug Craft Road,https://www.google.com/maps/search/?api=1&query=Scooter's%20Garage%20Hinton%20WV,OSM,
Southern WV,Hinton,WV,Bridge Street Ashland,auto,Website,Verify,3,0,No website listed (OSM) — verify with a quick Google/call,+1 304-466-4500,,125 Bridge Street,https://www.google.com/maps/search/?api=1&query=Bridge%20Street%20Ashland%20Hinton%20WV,OSM,
Southern WV,Hinton,WV,BSA Preowned,auto,Website,Verify,3,0,No website listed (OSM) — verify with a quick Google/call,+1 304-309-5040,,300 Greenbrier Drive,https://www.google.com/maps/search/?api=1&query=BSA%20Preowned%20Hinton%20WV,OSM,
Southern WV,Hinton,WV,Kenny's Garage,auto,Website,Verify,3,0,No website listed (OSM) — verify with a quick Google/call,+1 304-309-5570,,290 Main Street,https://www.google.com/maps/search/?api=1&query=Kenny's%20Garage%20Hinton%20WV,OSM,
Southern WV,Logan,WV,Mac's Service Center,auto,Website,Verify,3,0,No website listed (OSM) — verify with a quick Google/call,+1 304-583-6585,,1286 Huff Creek Highway,https://www.google.com/maps/search/?api=1&query=Mac's%20Service%20Center%20Logan%20WV,OSM,
Southern WV,Logan,WV,Topping & Sons,auto,Website,Verify,3,0,No website listed (OSM) — verify with a quick Google/call,+1-304-752-6624,,1100 2nd Avenue,https://www.google.com/maps/search/?api=1&query=Topping%20%26%20Sons%20Logan%20WV,OSM,
SW Virginia,Bristol,VA,Puerto Nuevo Freshmex & Seafood,food,Website,High,3,0,Copyright stuck at 2014; Wix builder,+1-276-494-0707,https://www.puertonuevobe.com,3168 Linden Drive,https://www.google.com/maps/search/?api=1&query=Puerto%20Nuevo%20Freshmex%20%26%20Seafood%20Bristol%20VA,OSM,
SW Virginia,Abingdon,VA,Highlands Motor Co,auto,Website,Verify,3,0,No website listed (OSM) — verify with a quick Google/call,+1 276-525-4096,,550 West Main Street,https://www.google.com/maps/search/?api=1&query=Highlands%20Motor%20Co%20Abingdon%20VA,OSM,
SW Virginia,Abingdon,VA,Abingdon Auto Specialist,auto,Website,Verify,3,0,No website listed (OSM) — verify with a quick Google/call,+1 276-623-8168,,,https://www.google.com/maps/search/?api=1&query=Abingdon%20Auto%20Specialist%20Abingdon%20VA,OSM,
SW Virginia,Abingdon,VA,Highlands Air Conditioning & Electrical,trades,Website,Verify,3,0,No website listed (OSM) — verify with a quick Google/call,+1 276-525-4186,,,https://www.google.com/maps/search/?api=1&query=Highlands%20Air%20Conditioning%20%26%20Electrical%20Abingdon%20VA,OSM,
SW Virginia,Abingdon,VA,Hilt's Garage,auto,Website,Verify,3,0,No website listed (OSM) — verify with a quick Google/call,+1-276-628-6316,,208 Deadmore Street Southeast,https://www.google.com/maps/search/?api=1&query=Hilt's%20Garage%20Abingdon%20VA,OSM,
SW Virginia,Abingdon,VA,Budget Inn,hospitality,Website,Verify,3,0,No website listed (OSM) — verify with a quick Google/call,+1-276-628-7106,,15886 Porterfield Highway,https://www.google.com/maps/search/?api=1&query=Budget%20Inn%20Abingdon%20VA,OSM,
SW Virginia,Abingdon,VA,American Mountain Technologies LLC,trades,Website,Verify,3,0,No website listed (OSM) — verify with a quick Google/call,+12766444140,,17403 Lee Highway,https://www.google.com/maps/search/?api=1&query=American%20Mountain%20Technologies%20LLC%20Abingdon%20VA,OSM,
SW Virginia,Galax,VA,John's Tires,auto,Website,Verify,3,0,No website listed (OSM) — verify with a quick Google/call,+1-276-238-0577,,527 East Stuart Drive,https://www.google.com/maps/search/?api=1&query=John's%20Tires%20Galax%20VA,OSM,
SW Virginia,Norton/Wise,VA,Collins Auto & Towing,auto,Website,Verify,3,0,No website listed (OSM) — verify with a quick Google/call,+1-276-328-6615,,531 West Main Street,https://www.google.com/maps/search/?api=1&query=Collins%20Auto%20%26%20Towing%20Norton%2FWise%20VA,OSM,
SW Virginia,Lebanon,VA,Town and Country Motor Lodge,hospitality,Website,Verify,3,0,No website listed (OSM) — verify with a quick Google/call,+1-276-889-2772,,88 Town and Country Drive,https://www.google.com/maps/search/?api=1&query=Town%20and%20Country%20Motor%20Lodge%20Lebanon%20VA,OSM,
SW Virginia,Lebanon,VA,P&P Tractor Repair,auto,Website,Verify,3,0,No website listed (OSM) — verify with a quick Google/call,+1-276-794-7806,,28601 US Highway 58,https://www.google.com/maps/search/?api=1&query=P%26P%20Tractor%20Repair%20Lebanon%20VA,OSM,
SW Virginia,Lebanon,VA,Town & Country Motor Lodge,hospitality,Website,Verify,3,0,No website listed (OSM) — verify with a quick Google/call,+1-276-889-2772,,88 Town and Country Drive,https://www.google.com/maps/search/?api=1&query=Town%20%26%20Country%20Motor%20Lodge%20Lebanon%20VA,OSM,
SW Virginia,Richlands,VA,Kidd Tire Auto Parts,auto,Website,Verify,3,0,No website listed (OSM) — verify with a quick Google/call,+1-276-963-1700,,2525 Front Street,https://www.google.com/maps/search/?api=1&query=Kidd%20Tire%20Auto%20Parts%20Richlands%20VA,OSM,
SW Virginia,Richlands,VA,Mike's Tire Sales,auto,Website,Verify,3,0,No website listed (OSM) — verify with a quick Google/call,+1 276-963-8117,,,https://www.google.com/maps/search/?api=1&query=Mike's%20Tire%20Sales%20Richlands%20VA,OSM,
SW Virginia,Tazewell,VA,Continental,trades,Website,Verify,3,0,No website listed (OSM) — verify with a quick Google/call,+1 276-988-9641,,,https://www.google.com/maps/search/?api=1&query=Continental%20Tazewell%20VA,OSM,
SW Virginia,Tazewell,VA,Fincastle Motor Inn,hospitality,Website,Verify,3,0,No website listed (OSM) — verify with a quick Google/call,+1-276-988-2531,,1690 Fincastle Turnpike,https://www.google.com/maps/search/?api=1&query=Fincastle%20Motor%20Inn%20Tazewell%20VA,OSM,
SW Virginia,Blacksburg,VA,Not Your Mama's Pasta,food,Website,High,3,0,Copyright stuck at 2020; Wix builder,+1-540-558-5871,https://www.notyourmamaspasta.com/,301 South Main Street,https://www.google.com/maps/search/?api=1&query=Not%20Your%20Mama's%20Pasta%20Blacksburg%20VA,OSM,
SW Virginia,Christiansburg,VA,Main Street Automotive Cambria,auto,Website,Verify,3,0,No website listed (OSM) — verify with a quick Google/call,+1 540-382-8927,,615 Depot Street Northeast,https://www.google.com/maps/search/?api=1&query=Main%20Street%20Automotive%20Cambria%20Christiansburg%20VA,OSM,
SW Virginia,Blacksburg,VA,Moore's Body & Mechanical,auto,Website,Verify,3,0,No website listed (OSM) — verify with a quick Google/call,+1-540-552-5373,,821 Kabrich Street,https://www.google.com/maps/search/?api=1&query=Moore's%20Body%20%26%20Mechanical%20Blacksburg%20VA,OSM,
SW Virginia,Blacksburg,VA,The Blacksburg Tavern,food,Website,High,3,0,Copyright stuck at 2018; GoDaddy site builder,+1-540-552-8876,https://theblacksburgtavern.com/,105 South Main Street,https://www.google.com/maps/search/?api=1&query=The%20Blacksburg%20Tavern%20Blacksburg%20VA,OSM,
SW Virginia,Blacksburg,VA,Old Dominion Flagstone,trades,Website,Verify,3,0,No website listed (OSM) — verify with a quick Google/call,+1-540-553-0511,,3454 Prices Fork Road,https://www.google.com/maps/search/?api=1&query=Old%20Dominion%20Flagstone%20Blacksburg%20VA,OSM,
SW Virginia,Radford,VA,Thompson Tire,auto,Website,Verify,3,0,No website listed (OSM) — verify with a quick Google/call,+1-540-639-2451,,102 West Main Street,https://www.google.com/maps/search/?api=1&query=Thompson%20Tire%20Radford%20VA,OSM,
SW Virginia,Pulaski,VA,Shelor Pulaksi Motor Mile,auto,Website,Verify,3,0,No website listed (OSM) — verify with a quick Google/call,+1 540-440-8269,,1004 East Main Street,https://www.google.com/maps/search/?api=1&query=Shelor%20Pulaksi%20Motor%20Mile%20Pulaski%20VA,OSM,
SW Virginia,Pulaski,VA,Duncan Suzuki,auto,Website,Verify,3,0,No website listed (OSM) — verify with a quick Google/call,+1-540-440-5859,,1001 East Main Street,https://www.google.com/maps/search/?api=1&query=Duncan%20Suzuki%20Pulaski%20VA,OSM,
SW Virginia,Pulaski,VA,Tucks Collision & Restoration,auto,Website,Verify,3,0,No website listed (OSM) — verify with a quick Google/call,+1-540-980-1922,,1001 East Main Street,https://www.google.com/maps/search/?api=1&query=Tucks%20Collision%20%26%20Restoration%20Pulaski%20VA,OSM,
SW Virginia,Roanoke,VA,Texas Tavern,food,Website,High,3,0,Copyright stuck at 2018; GoDaddy site builder,+1-540-342-4825,https://texastavern-inc.com/,114 Church Avenue Southwest,https://www.google.com/maps/search/?api=1&query=Texas%20Tavern%20Roanoke%20VA,OSM,
Western NC,Asheville,NC,Addisae,food,Website,High,3,0,Copyright stuck at 2022; GoDaddy site builder,+1 828-417-7189,http://www.addissae.com/,48 Commerce Street,https://www.google.com/maps/search/?api=1&query=Addisae%20Asheville%20NC,OSM,
Western NC,Asheville,NC,Smokey Mountain Auto Services,auto,Website,Verify,3,0,No website listed (OSM) — verify with a quick Google/call,+1-828-665-7305,,9 Crowell Road,https://www.google.com/maps/search/?api=1&query=Smokey%20Mountain%20Auto%20Services%20Asheville%20NC,OSM,
Western NC,Asheville,NC,Jim West & Sons Auto Recycling,auto,Website,Verify,3,0,No website listed (OSM) — verify with a quick Google/call,+1-828-683-9186,,852 New Leicester Highway,https://www.google.com/maps/search/?api=1&query=Jim%20West%20%26%20Sons%20Auto%20Recycling%20Asheville%20NC,OSM,
Western NC,Asheville,NC,Working Wheels,auto,Website,Verify,3,0,No website listed (OSM) — verify with a quick Google/call,+18286336888,,76 Weaverville Road,https://www.google.com/maps/search/?api=1&query=Working%20Wheels%20Asheville%20NC,OSM,
Western NC,Asheville,NC,Cogent Dynamics,auto,Website,Verify,3,0,No website listed (OSM) — verify with a quick Google/call,+1-828-628-9025,,33 Meadowbrook Drive,https://www.google.com/maps/search/?api=1&query=Cogent%20Dynamics%20Asheville%20NC,OSM,
Western NC,Asheville,NC,Curtis Tire of Asheville,auto,Website,Verify,3,0,No website listed (OSM) — verify with a quick Google/call,+18285819996,,1670 Tunnel Road,https://www.google.com/maps/search/?api=1&query=Curtis%20Tire%20of%20Asheville%20Asheville%20NC,OSM,
Western NC,Asheville,NC,Wright's Carpet and Flooring,trades,Website,Verify,3,0,No website listed (OSM) — verify with a quick Google/call,+18282981142,,1800 US-70,https://www.google.com/maps/search/?api=1&query=Wright's%20Carpet%20and%20Flooring%20Asheville%20NC,OSM,
Western NC,Asheville,NC,Juno Tire & Services Center Inc,auto,Website,Verify,3,0,No website listed (OSM) — verify with a quick Google/call,+18286833934,,837 Old Leicester Highway,https://www.google.com/maps/search/?api=1&query=Juno%20Tire%20%26%20Services%20Center%20Inc%20Asheville%20NC,OSM,
Western NC,Asheville,NC,Wright's Carpet & Flooring,trades,Website,Verify,3,0,No website listed (OSM) — verify with a quick Google/call,+1-828-818-9244,,1800 US-70,https://www.google.com/maps/search/?api=1&query=Wright's%20Carpet%20%26%20Flooring%20Asheville%20NC,OSM,
Western NC,Asheville,NC,Mountain Cycleworks,auto,Website,Verify,3,0,No website listed (OSM) — verify with a quick Google/call,+1-828-785-1872,,2058 US-70,https://www.google.com/maps/search/?api=1&query=Mountain%20Cycleworks%20Asheville%20NC,OSM,
Western NC,Asheville,NC,Wired Right Electrical LLC,trades,Website,Verify,3,0,No website listed (OSM) — verify with a quick Google/call,+18282225032,,1346 Charlotte Highway,https://www.google.com/maps/search/?api=1&query=Wired%20Right%20Electrical%20LLC%20Asheville%20NC,OSM,
Western NC,Asheville,NC,Mountain View Tire & Service,auto,Website,Verify,3,0,No website listed (OSM) — verify with a quick Google/call,+18286332530,,1047 Smokey Park Highway,https://www.google.com/maps/search/?api=1&query=Mountain%20View%20Tire%20%26%20Service%20Asheville%20NC,OSM,
Western NC,Asheville,NC,Daniel's Tire,auto,Website,Verify,3,0,No website listed (OSM) — verify with a quick Google/call,+18287081858,,1105 Smokey Park Highway,https://www.google.com/maps/search/?api=1&query=Daniel's%20Tire%20Asheville%20NC,OSM,
Western NC,Asheville,NC,WNC Tire,auto,Website,Verify,3,0,No website listed (OSM) — verify with a quick Google/call,+18282549568,,2134 US-70,https://www.google.com/maps/search/?api=1&query=WNC%20Tire%20Asheville%20NC,OSM,
Western NC,Asheville,NC,MR Motorcycle,auto,Website,Verify,3,0,No website listed (OSM) — verify with a quick Google/call,+18282778600,,,https://www.google.com/maps/search/?api=1&query=MR%20Motorcycle%20Asheville%20NC,OSM,
Western NC,Asheville,NC,Cox Auto Service,auto,Website,Verify,3,0,No website listed (OSM) — verify with a quick Google/call,+1-828-264-8661,,1141 Patton Avenue,https://www.google.com/maps/search/?api=1&query=Cox%20Auto%20Service%20Asheville%20NC,OSM,
Western NC,Asheville,NC,Xpertech,auto,Website,Verify,3,0,No website listed (OSM) — verify with a quick Google/call,+18282983612,,1295 Tunnel Road,https://www.google.com/maps/search/?api=1&query=Xpertech%20Asheville%20NC,OSM,
Western NC,Asheville,NC,Mason Muffler Service,auto,Website,Verify,3,0,No website listed (OSM) — verify with a quick Google/call,+18282526346,,268 Haywood Road,https://www.google.com/maps/search/?api=1&query=Mason%20Muffler%20Service%20Asheville%20NC,OSM,
Western NC,Asheville,NC,ABC Supply Co. Inc.,trades,Website,Verify,3,0,No website listed (OSM) — verify with a quick Google/call,+18282980171,,110 Buckeye Cove Road,https://www.google.com/maps/search/?api=1&query=ABC%20Supply%20Co.%20Inc.%20Asheville%20NC,OSM,
Western NC,Asheville,NC,Twin Leaf Brewery,trades,Website,High,3,0,Copyright stuck at 2019; Wix builder,+1-828-774-5000,https://www.twinleafbrewery.com/,144 Coxe Avenue,https://www.google.com/maps/search/?api=1&query=Twin%20Leaf%20Brewery%20Asheville%20NC,OSM,
Western NC,Asheville,NC,Rodney's Auto Service,auto,Website,Verify,3,0,No website listed (OSM) — verify with a quick Google/call,+18286458163,,37 North Main Street,https://www.google.com/maps/search/?api=1&query=Rodney's%20Auto%20Service%20Asheville%20NC,OSM,
Western NC,Asheville,NC,The Asheville Inn,hospitality,Website,Verify,3,0,No website listed (OSM) — verify with a quick Google/call,+18286652100,,1 Acton Circle,https://www.google.com/maps/search/?api=1&query=The%20Asheville%20Inn%20Asheville%20NC,OSM,
Western NC,Asheville,NC,Speedy Lube USA,auto,Website,Verify,3,0,No website listed (OSM) — verify with a quick Google/call,+1 828-258-3133,,18 New Leicester Highway,https://www.google.com/maps/search/?api=1&query=Speedy%20Lube%20USA%20Asheville%20NC,OSM,
Western NC,Asheville,NC,Tony's Starter and Alternator,auto,Website,Verify,3,0,No website listed (OSM) — verify with a quick Google/call,+1 828-255-2626,,23 Brownwood Avenue,https://www.google.com/maps/search/?api=1&query=Tony's%20Starter%20and%20Alternator%20Asheville%20NC,OSM,
Western NC,Asheville,NC,New Image Paint & Body Shop,auto,Website,Verify,3,0,No website listed (OSM) — verify with a quick Google/call,+18286457998,,390 Weaverville Road,https://www.google.com/maps/search/?api=1&query=New%20Image%20Paint%20%26%20Body%20Shop%20Asheville%20NC,OSM,
Western NC,Hendersonville,NC,Snailbuilt Overland and Offroad,auto,Website,Verify,3,0,No website listed (OSM) — verify with a quick Google/call,+18285857454,,5184 Old Haywood Road,https://www.google.com/maps/search/?api=1&query=Snailbuilt%20Overland%20and%20Offroad%20Hendersonville%20NC,OSM,
Western NC,Hendersonville,NC,The Saluda Inn,hospitality,Website,Verify,3,0,No website listed (OSM) — verify with a quick Google/call,+18283889027,,229 Greenville Street,https://www.google.com/maps/search/?api=1&query=The%20Saluda%20Inn%20Hendersonville%20NC,OSM,
Western NC,Hendersonville,NC,"FleetPro Truck Center, Inc",auto,Website,Verify,3,0,No website listed (OSM) — verify with a quick Google/call,+1 828-407-1020,,4989 Hendersonville Road,https://www.google.com/maps/search/?api=1&query=FleetPro%20Truck%20Center%2C%20Inc%20Hendersonville%20NC,OSM,
Western NC,Hendersonville,NC,Mills River Brewing Co. Mills,trades,Website,Verify,3,0,No website listed (OSM) — verify with a quick Google/call,+18285135155,,336 Banner Farm Road,https://www.google.com/maps/search/?api=1&query=Mills%20River%20Brewing%20Co.%20Mills%20Hendersonville%20NC,OSM,
Western NC,Hendersonville,NC,Barkwells,hospitality,Website,Verify,3,0,No website listed (OSM) — verify with a quick Google/call,+1-828-891-8288,,290 Lance Road,https://www.google.com/maps/search/?api=1&query=Barkwells%20Hendersonville%20NC,OSM,
Western NC,Brevard,NC,Petit's Paint & Body Shop,auto,Website,Verify,3,0,No website listed (OSM) — verify with a quick Google/call,+18288623377,,80 Old Rosman Highway,https://www.google.com/maps/search/?api=1&query=Petit's%20Paint%20%26%20Body%20Shop%20Brevard%20NC,OSM,
Western NC,Brevard,NC,Total Auto Repair & Service,auto,Website,Verify,3,0,No website listed (OSM) — verify with a quick Google/call,+18288844943,,236 Pole Miller Road,https://www.google.com/maps/search/?api=1&query=Total%20Auto%20Repair%20%26%20Service%20Brevard%20NC,OSM,
Western NC,Brevard,NC,Big Mike's,food,Website,High,3,0,Copyright stuck at 2018; GoDaddy site builder,+1 828 884 3663,https://bigmikesnc.com/,12 South Gaston Street,https://www.google.com/maps/search/?api=1&query=Big%20Mike's%20Brevard%20NC,OSM,
Western NC,Waynesville,NC,Michales Automotive,auto,Website,Verify,3,0,No website listed (OSM) — verify with a quick Google/call,+1-828-333-3387,,6884 Carolina Boulevard,https://www.google.com/maps/search/?api=1&query=Michales%20Automotive%20Waynesville%20NC,OSM,
Western NC,Waynesville,NC,Midway Tire,auto,Website,Verify,3,0,No website listed (OSM) — verify with a quick Google/call,+1-828-627-6764,,6983 Carolina Boulevard,https://www.google.com/maps/search/?api=1&query=Midway%20Tire%20Waynesville%20NC,OSM,
Western NC,Waynesville,NC,Clyde Alignment & Auto Repair,auto,Website,Verify,3,0,No website listed (OSM) — verify with a quick Google/call,+1-828-627-2770,,8491 Carolina Boulevard,https://www.google.com/maps/search/?api=1&query=Clyde%20Alignment%20%26%20Auto%20Repair%20Waynesville%20NC,OSM,
Western NC,Waynesville,NC,M&L Auto LLC,auto,Website,Verify,3,0,No website listed (OSM) — verify with a quick Google/call,+1-828-565-0800,,8764 Carolina Boulevard,https://www.google.com/maps/search/?api=1&query=M%26L%20Auto%20LLC%20Waynesville%20NC,OSM,
Western NC,Waynesville,NC,Waynesville Cycle Center,auto,Website,Verify,3,0,No website listed (OSM) — verify with a quick Google/call,+18284525831,,18999 Great Smoky Mountains Expressway,https://www.google.com/maps/search/?api=1&query=Waynesville%20Cycle%20Center%20Waynesville%20NC,OSM,
Western NC,Waynesville,NC,AutoStar Chevrolet Buick of Waynesville,auto,Website,Verify,3,0,No website listed (OSM) — verify with a quick Google/call,+18284522842,,285 Hyatt Creek Road,https://www.google.com/maps/search/?api=1&query=AutoStar%20Chevrolet%20Buick%20of%20Waynesville%20Waynesville%20NC,OSM,
Western NC,Waynesville,NC,AutoStar Chrysler Dodge Jeep Ram Fiat of Waynesville,auto,Website,Verify,3,0,No website listed (OSM) — verify with a quick Google/call,+18284522841,,280 Hyatt Creek Road,https://www.google.com/maps/search/?api=1&query=AutoStar%20Chrysler%20Dodge%20Jeep%20Ram%20Fiat%20of%20Waynesville%20Waynesville%20NC,OSM,
Western NC,Waynesville,NC,Smoky Falls Lodge,hospitality,Website,Verify,3,0,No website listed (OSM) — verify with a quick Google/call,+18779267440,,2550 Soco Road,https://www.google.com/maps/search/?api=1&query=Smoky%20Falls%20Lodge%20Waynesville%20NC,OSM,
Western NC,Waynesville,NC,Reliable Auto Services,auto,Website,Verify,3,0,No website listed (OSM) — verify with a quick Google/call,+18282267078,,20 Old Clyde Road,https://www.google.com/maps/search/?api=1&query=Reliable%20Auto%20Services%20Waynesville%20NC,OSM,
Western NC,Waynesville,NC,Snappy Lube,auto,Website,Verify,3,0,No website listed (OSM) — verify with a quick Google/call,+18284521066,,446 Crabtree Road,https://www.google.com/maps/search/?api=1&query=Snappy%20Lube%20Waynesville%20NC,OSM,
Western NC,Waynesville,NC,Majestic Beach Plumbing Experts,trades,Website,Verify,3,0,No website listed (OSM) — verify with a quick Google/call,+19105863990,,18 Bowman Drive,https://www.google.com/maps/search/?api=1&query=Majestic%20Beach%20Plumbing%20Experts%20Waynesville%20NC,OSM,
Western NC,Waynesville,NC,Snuggle Inn,hospitality,Website,Verify,3,0,No website listed (OSM) — verify with a quick Google/call,+18289263883,,1445 Soco Road,https://www.google.com/maps/search/?api=1&query=Snuggle%20Inn%20Waynesville%20NC,OSM,
Western NC,Waynesville,NC,Clarketon Motel,hospitality,Website,Verify,3,0,No website listed (OSM) — verify with a quick Google/call,+18289261110,,1527 Soco Road,https://www.google.com/maps/search/?api=1&query=Clarketon%20Motel%20Waynesville%20NC,OSM,
Western NC,Waynesville,NC,Leatherwood Cottages,hospitality,Website,Verify,3,0,No website listed (OSM) — verify with a quick Google/call,+18289261807,,1555 Soco Road,https://www.google.com/maps/search/?api=1&query=Leatherwood%20Cottages%20Waynesville%20NC,OSM,
Western NC,Waynesville,NC,Tanglewood Motel and Log Cabins,hospitality,Website,Verify,3,0,No website listed (OSM) — verify with a quick Google/call,+18289261894,,1595 Soco Road,https://www.google.com/maps/search/?api=1&query=Tanglewood%20Motel%20and%20Log%20Cabins%20Waynesville%20NC,OSM,
Western NC,Waynesville,NC,The Chalet Motel & Apartments,hospitality,Website,Verify,3,0,No website listed (OSM) — verify with a quick Google/call,+18289262811,,48 Holland Drive,https://www.google.com/maps/search/?api=1&query=The%20Chalet%20Motel%20%26%20Apartments%20Waynesville%20NC,OSM,
Western NC,Waynesville,NC,Stoneworld of NC llc,trades,Website,Verify,3,0,No website listed (OSM) — verify with a quick Google/call,+18289260052,,83 Jaybird Lane,https://www.google.com/maps/search/?api=1&query=Stoneworld%20of%20NC%20llc%20Waynesville%20NC,OSM,
Western NC,Waynesville,NC,Route 19 Inn,hospitality,Website,Verify,3,0,No website listed (OSM) — verify with a quick Google/call,+18289440476,,4898 Soco Road,https://www.google.com/maps/search/?api=1&query=Route%2019%20Inn%20Waynesville%20NC,OSM,
Western NC,Waynesville,NC,Smokey Shadows Lodge,hospitality,Website,Verify,3,0,No website listed (OSM) — verify with a quick Google/call,+18669260001,,323 Smokey Shadows Lane,https://www.google.com/maps/search/?api=1&query=Smokey%20Shadows%20Lodge%20Waynesville%20NC,OSM,
Western NC,Waynesville,NC,Snappy Lube,auto,Website,Verify,3,0,No website listed (OSM) — verify with a quick Google/call,+18286485823,,62 New Clyde Highway,https://www.google.com/maps/search/?api=1&query=Snappy%20Lube%20Waynesville%20NC,OSM,
Western NC,Waynesville,NC,Haywood Auto Group,auto,Website,Verify,3,0,No website listed (OSM) — verify with a quick Google/call,+18284920973,,446 New Clyde Highway,https://www.google.com/maps/search/?api=1&query=Haywood%20Auto%20Group%20Waynesville%20NC,OSM,
Western NC,Waynesville,NC,Pisgah Tire,auto,Website,Verify,3,0,No website listed (OSM) — verify with a quick Google/call,+18286487974,,21 New Clyde Highway,https://www.google.com/maps/search/?api=1&query=Pisgah%20Tire%20Waynesville%20NC,OSM,
Western NC,Waynesville,NC,Meadowlark Motel,hospitality,Website,Verify,3,0,No website listed (OSM) — verify with a quick Google/call,+18289261717,,2878 Soco Road,https://www.google.com/maps/search/?api=1&query=Meadowlark%20Motel%20Waynesville%20NC,OSM,
Western NC,Waynesville,NC,Stony Creek Lodge,hospitality,Website,Verify,3,0,No website listed (OSM) — verify with a quick Google/call,+18289261996,,4494 Soco Road,https://www.google.com/maps/search/?api=1&query=Stony%20Creek%20Lodge%20Waynesville%20NC,OSM,
Western NC,Waynesville,NC,BearWaters Brewing Company: Creekside,trades,Website,Verify,3,0,No website listed (OSM) — verify with a quick Google/call,+18289440009,,4352 Soco Road,https://www.google.com/maps/search/?api=1&query=BearWaters%20Brewing%20Company%3A%20Creekside%20Waynesville%20NC,OSM,
Western NC,Waynesville,NC,Jonathan Creek Inn and Villas,hospitality,Website,Verify,3,0,No website listed (OSM) — verify with a quick Google/call,+18289261232,,4324 Soco Road,https://www.google.com/maps/search/?api=1&query=Jonathan%20Creek%20Inn%20and%20Villas%20Waynesville%20NC,OSM,
Western NC,Waynesville,NC,Our Place Inn Motel and RV Park,hospitality,Website,Verify,3,0,No website listed (OSM) — verify with a quick Google/call,+19108904173,,4077 Soco Road,https://www.google.com/maps/search/?api=1&query=Our%20Place%20Inn%20Motel%20and%20RV%20Park%20Waynesville%20NC,OSM,
Western NC,Waynesville,NC,Ryan's Auto Repair,auto,Website,Verify,3,0,No website listed (OSM) — verify with a quick Google/call,+18289440517,,3909 Soco Road,https://www.google.com/maps/search/?api=1&query=Ryan's%20Auto%20Repair%20Waynesville%20NC,OSM,
Western NC,Waynesville,NC,Scottish Inns,hospitality,Website,Verify,3,0,No website listed (OSM) — verify with a quick Google/call,+18289269137,,178 Soco Road,https://www.google.com/maps/search/?api=1&query=Scottish%20Inns%20Waynesville%20NC,OSM,
Western NC,Waynesville,NC,The Valley Inn,hospitality,Website,Verify,3,0,No website listed (OSM) — verify with a quick Google/call,+18289261240,,236 Soco Road,https://www.google.com/maps/search/?api=1&query=The%20Valley%20Inn%20Waynesville%20NC,OSM,
Western NC,Waynesville,NC,Laurel Park Inn,hospitality,Website,Verify,3,0,No website listed (OSM) — verify with a quick Google/call,+18289261700,,257 Soco Road,https://www.google.com/maps/search/?api=1&query=Laurel%20Park%20Inn%20Waynesville%20NC,OSM,
Western NC,Waynesville,NC,Creekside Lodge,hospitality,Website,Verify,3,0,No website listed (OSM) — verify with a quick Google/call,+18289261301,,2716 Soco Road,https://www.google.com/maps/search/?api=1&query=Creekside%20Lodge%20Waynesville%20NC,OSM,
Western NC,Waynesville,NC,Cardinal Inn,hospitality,Website,Verify,3,0,No website listed (OSM) — verify with a quick Google/call,+18289260422,,3735 Soco Road,https://www.google.com/maps/search/?api=1&query=Cardinal%20Inn%20Waynesville%20NC,OSM,
Western NC,Waynesville,NC,M&D Collision,auto,Website,Verify,3,0,No website listed (OSM) — verify with a quick Google/call,+1-828-452-0171,,257 Caldwell Road,https://www.google.com/maps/search/?api=1&query=M%26D%20Collision%20Waynesville%20NC,OSM,
Western NC,Waynesville,NC,Appalachian Antique Hardwoods,trades,Website,Verify,3,0,No website listed (OSM) — verify with a quick Google/call,+18286270830,,635 Sonoma Road,https://www.google.com/maps/search/?api=1&query=Appalachian%20Antique%20Hardwoods%20Waynesville%20NC,OSM,
Western NC,Sylva,NC,High Country Tire/ Full Service Gas Station,auto,Website,Verify,3,0,No website listed (OSM) — verify with a quick Google/call,+1-828-586-0886,,8227 US-441,https://www.google.com/maps/search/?api=1&query=High%20Country%20Tire%2F%20Full%20Service%20Gas%20Station%20Sylva%20NC,OSM,
Western NC,Sylva,NC,Glens Auto Repair INC,auto,Website,Verify,3,0,No website listed (OSM) — verify with a quick Google/call,+1-828-586-4106,,8658 US-441,https://www.google.com/maps/search/?api=1&query=Glens%20Auto%20Repair%20INC%20Sylva%20NC,OSM,
Western NC,Sylva,NC,Ward Plumbing & Heating,trades,Website,Verify,3,0,No website listed (OSM) — verify with a quick Google/call,+1-833-682-9273,,548 Mill Street,https://www.google.com/maps/search/?api=1&query=Ward%20Plumbing%20%26%20Heating%20Sylva%20NC,OSM,
Western NC,Sylva,NC,Auto Star of Sylva,auto,Website,Verify,3,0,No website listed (OSM) — verify with a quick Google/call,+18285860202,,307 East Main Street,https://www.google.com/maps/search/?api=1&query=Auto%20Star%20of%20Sylva%20Sylva%20NC,OSM,
Western NC,Sylva,NC,Rolling Hills Lodge,hospitality,Website,High,3,0,Copyright stuck at 2022; Weebly builder,+1-828-497-5371,https://www.rollinghillslodge.com/,739 Tsali Boulevard;ᏣᎵ ᏧᏩᏐᎯᏍᏗ,https://www.google.com/maps/search/?api=1&query=Rolling%20Hills%20Lodge%20Sylva%20NC,OSM,
Western NC,Sylva,NC,Frontier Motor Lodge,hospitality,Website,Verify,3,0,No website listed (OSM) — verify with a quick Google/call,+18284979293,,55 Casino Drive,https://www.google.com/maps/search/?api=1&query=Frontier%20Motor%20Lodge%20Sylva%20NC,OSM,
Western NC,Sylva,NC,Cherokee Grand Hotel,hospitality,Website,Verify,3,0,No website listed (OSM) — verify with a quick Google/call,+18284970050,,196 Paint Town Road,https://www.google.com/maps/search/?api=1&query=Cherokee%20Grand%20Hotel%20Sylva%20NC,OSM,
Western NC,Sylva,NC,Stonebrook Lodge,hospitality,Website,Verify,3,0,No website listed (OSM) — verify with a quick Google/call,+18284972222,,436 Paint Town Road,https://www.google.com/maps/search/?api=1&query=Stonebrook%20Lodge%20Sylva%20NC,OSM,
Western NC,Sylva,NC,Cool Waters Motel,hospitality,Website,Verify,3,0,No website listed (OSM) — verify with a quick Google/call,+18284973855,,1133 Paint Town Road,https://www.google.com/maps/search/?api=1&query=Cool%20Waters%20Motel%20Sylva%20NC,OSM,
Western NC,Sylva,NC,Cherokee Tire & Auto Repair,auto,Website,Verify,3,0,No website listed (OSM) — verify with a quick Google/call,+18284970697,,119 Whitewater Drive,https://www.google.com/maps/search/?api=1&query=Cherokee%20Tire%20%26%20Auto%20Repair%20Sylva%20NC,OSM,
Western NC,Sylva,NC,Homestead Inn,hospitality,Website,Verify,3,0,No website listed (OSM) — verify with a quick Google/call,+18284979488,,222 Wolfetown Road,https://www.google.com/maps/search/?api=1&query=Homestead%20Inn%20Sylva%20NC,OSM,
Western NC,Franklin,NC,Smoky Mountain Chrysler Dodge Jeep RAM,auto,Website,Verify,3,0,No website listed (OSM) — verify with a quick Google/call,+18283695003,,556 Highlands Road,https://www.google.com/maps/search/?api=1&query=Smoky%20Mountain%20Chrysler%20Dodge%20Jeep%20RAM%20Franklin%20NC,OSM,
Western NC,Franklin,NC,Currahee Brewing Company,trades,Website,Verify,3,0,No website listed (OSM) — verify with a quick Google/call,+18286340078,,100 Lakeside Drive,https://www.google.com/maps/search/?api=1&query=Currahee%20Brewing%20Company%20Franklin%20NC,OSM,
Western NC,Murphy,NC,Patterson Tire,auto,Website,Verify,3,0,No website listed (OSM) — verify with a quick Google/call,+18288378613,,1406 Bluff Road,https://www.google.com/maps/search/?api=1&query=Patterson%20Tire%20Murphy%20NC,OSM,
Western NC,Murphy,NC,Hohmann Brothers Smlss Gutter,trades,Website,Verify,3,0,No website listed (OSM) — verify with a quick Google/call,+18288372456,,255 Airport Road,https://www.google.com/maps/search/?api=1&query=Hohmann%20Brothers%20Smlss%20Gutter%20Murphy%20NC,OSM,
Western NC,Murphy,NC,Mark Farmer's Garage,auto,Website,Verify,3,0,No website listed (OSM) — verify with a quick Google/call,+1-828-837-6112,,56 Jeep Drive,https://www.google.com/maps/search/?api=1&query=Mark%20Farmer's%20Garage%20Murphy%20NC,OSM,
Western NC,Murphy,NC,West Motel,hospitality,Website,Verify,3,0,No website listed (OSM) — verify with a quick Google/call,+1-828-837-2012,,691 Andrews Road,https://www.google.com/maps/search/?api=1&query=West%20Motel%20Murphy%20NC,OSM,
Western NC,Boone,NC,Coyote Kitchen,food,Website,High,3,0,Copyright stuck at 2023; Wix builder,+1-828-265-4041,https://coyotekitchen.com/,200 Southgate Drive,https://www.google.com/maps/search/?api=1&query=Coyote%20Kitchen%20Boone%20NC,OSM,
Western NC,Boone,NC,RubiTrux,auto,Website,Verify,3,0,No website listed (OSM) — verify with a quick Google/call,+18286758789,,465 East King Street,https://www.google.com/maps/search/?api=1&query=RubiTrux%20Boone%20NC,OSM,
Western NC,Boone,NC,Blowing Rock Tire & Auto,auto,Website,Verify,3,0,No website listed (OSM) — verify with a quick Google/call,+18282953757,,5722 Blowing Rock Boulevard,https://www.google.com/maps/search/?api=1&query=Blowing%20Rock%20Tire%20%26%20Auto%20Boone%20NC,OSM,
Western NC,Boone,NC,Village Inn of Blowing Rock,hospitality,Website,Verify,3,0,No website listed (OSM) — verify with a quick Google/call,+18282953380,,7876 Valley Boulevard,https://www.google.com/maps/search/?api=1&query=Village%20Inn%20of%20Blowing%20Rock%20Boone%20NC,OSM,
Western NC,Boone,NC,New River Tire & Alignment Inc,auto,Website,Verify,3,0,No website listed (OSM) — verify with a quick Google/call,+18282623700,,2872 Old US-421 South,https://www.google.com/maps/search/?api=1&query=New%20River%20Tire%20%26%20Alignment%20Inc%20Boone%20NC,OSM,
Western NC,Boone,NC,Action Cycle Sports,auto,Website,Verify,3,0,No website listed (OSM) — verify with a quick Google/call,+18282621558,,2349 Old US-421 South,https://www.google.com/maps/search/?api=1&query=Action%20Cycle%20Sports%20Boone%20NC,OSM,
Western NC,Boone,NC,421 Auto Service,auto,Website,Verify,3,0,No website listed (OSM) — verify with a quick Google/call,+18282646660,,2250 Old US-421 South,https://www.google.com/maps/search/?api=1&query=421%20Auto%20Service%20Boone%20NC,OSM,
Western NC,Boone,NC,L&N Performance Auto Repair,auto,Website,Verify,3,0,No website listed (OSM) — verify with a quick Google/call,+18282669077,,189 Mystery Hill Lane,https://www.google.com/maps/search/?api=1&query=L%26N%20Performance%20Auto%20Repair%20Boone%20NC,OSM,
Western NC,Boone,NC,Freedom AutoTec,auto,Website,Verify,3,0,No website listed (OSM) — verify with a quick Google/call,+1-828-355-4434,,2480 US 421 N,https://www.google.com/maps/search/?api=1&query=Freedom%20AutoTec%20Boone%20NC,OSM,
Western NC,Boone,NC,Friendship Nissan of Boone,auto,Website,Verify,3,0,No website listed (OSM) — verify with a quick Google/call,+1-828-282-0337,,135 Innovation Drive,https://www.google.com/maps/search/?api=1&query=Friendship%20Nissan%20of%20Boone%20Boone%20NC,OSM,
Western NC,West Jefferson,NC,Bill's Garage,auto,Website,Verify,3,0,No website listed (OSM) — verify with a quick Google/call,+1-336-846-3702,,170 Claybank Road,https://www.google.com/maps/search/?api=1&query=Bill's%20Garage%20West%20Jefferson%20NC,OSM,
Western NC,West Jefferson,NC,Ashe Tire Services,auto,Website,Verify,3,0,No website listed (OSM) — verify with a quick Google/call,+1-336-246-5296,,,https://www.google.com/maps/search/?api=1&query=Ashe%20Tire%20Services%20West%20Jefferson%20NC,OSM,
Western NC,West Jefferson,NC,L & E Lumber Inc,trades,Website,Verify,3,0,No website listed (OSM) — verify with a quick Google/call,+13369823070,,260 Huckleberry Ridge Road,https://www.google.com/maps/search/?api=1&query=L%20%26%20E%20Lumber%20Inc%20West%20Jefferson%20NC,OSM,
Western NC,West Jefferson,NC,Rushing Stone Cottage,hospitality,Website,Verify,3,0,No website listed (OSM) — verify with a quick Google/call,+13239429149,,454 Low Gap Road,https://www.google.com/maps/search/?api=1&query=Rushing%20Stone%20Cottage%20West%20Jefferson%20NC,OSM,
Western NC,West Jefferson,NC,Boondocks Brewing - Brew Haus,trades,Website,Verify,3,0,No website listed (OSM) — verify with a quick Google/call,+13368467525,,302 South Jefferson Avenue,https://www.google.com/maps/search/?api=1&query=Boondocks%20Brewing%20-%20Brew%20Haus%20West%20Jefferson%20NC,OSM,
Western NC,West Jefferson,NC,Burgess & Son Body Shop,auto,Website,Verify,3,0,No website listed (OSM) — verify with a quick Google/call,+13369823734,,6439 NC-16,https://www.google.com/maps/search/?api=1&query=Burgess%20%26%20Son%20Body%20Shop%20West%20Jefferson%20NC,OSM,
Western NC,West Jefferson,NC,Day's Body Shop,auto,Website,Verify,3,0,No website listed (OSM) — verify with a quick Google/call,+13362463143,,410 West Main Street,https://www.google.com/maps/search/?api=1&query=Day's%20Body%20Shop%20West%20Jefferson%20NC,OSM,
Western NC,West Jefferson,NC,H D Truck & Equipment,auto,Website,Verify,3,0,No website listed (OSM) — verify with a quick Google/call,+1-336-982-2045,,144 Flat Rock Road,https://www.google.com/maps/search/?api=1&query=H%20D%20Truck%20%26%20Equipment%20West%20Jefferson%20NC,OSM,
Western NC,West Jefferson,NC,Unlimited Heating and Air LLC,trades,Website,Verify,3,0,No website listed (OSM) — verify with a quick Google/call,+13368463201,,716 South Jefferson Avenue,https://www.google.com/maps/search/?api=1&query=Unlimited%20Heating%20and%20Air%20LLC%20West%20Jefferson%20NC,OSM,
Western NC,West Jefferson,NC,Doby's Plumbing,trades,Website,Verify,3,0,No website listed (OSM) — verify with a quick Google/call,+13369823629,,712 South Jefferson Avenue,https://www.google.com/maps/search/?api=1&query=Doby's%20Plumbing%20West%20Jefferson%20NC,OSM,
Western NC,West Jefferson,NC,B Eller & Sons Auto,auto,Website,Verify,3,0,No website listed (OSM) — verify with a quick Google/call,+1-336-384-1571,,4440 NC 88,https://www.google.com/maps/search/?api=1&query=B%20Eller%20%26%20Sons%20Auto%20West%20Jefferson%20NC,OSM,
Western NC,Spruce Pine,NC,Complete Comfort Heating and Air Conditioning,trades,Website,High,3,0,Copyright stuck at 2017; GoDaddy site builder,+18287331300,http://www.completecomfortnc.com/,360 East Crossnore Drive,https://www.google.com/maps/search/?api=1&query=Complete%20Comfort%20Heating%20and%20Air%20Conditioning%20Spruce%20Pine%20NC,OSM,
NE Tennessee,Johnson City,TN,ETSU Department of Psychiatry and Behavioral Sciences,healthcare,IT,Verify,3,4,No website listed (OSM) — verify with a quick Google/call; healthcare business with no web presence — likely no IT partner either,+1-423-439-8000,,Bldg. 52 Lake Drive,https://www.google.com/maps/search/?api=1&query=ETSU%20Department%20of%20Psychiatry%20and%20Behavioral%20Sciences%20Johnson%20City%20TN,OSM,
NE Tennessee,Johnson City,TN,Medical Specialists of Johnson City,healthcare,IT,Verify,3,4,No website listed (OSM) — verify with a quick Google/call; healthcare business with no web presence — likely no IT partner either,+1-423-794-3040,,303 Med Tech Parkway,https://www.google.com/maps/search/?api=1&query=Medical%20Specialists%20of%20Johnson%20City%20Johnson%20City%20TN,OSM,
NE Tennessee,Johnson City,TN,Foundation Chiropractic,healthcare,IT,Verify,3,4,No website listed (OSM) — verify with a quick Google/call; healthcare business with no web presence — likely no IT partner either,+1-423-707-2509,,1041 Hamilton Place,https://www.google.com/maps/search/?api=1&query=Foundation%20Chiropractic%20Johnson%20City%20TN,OSM,
NE Tennessee,Johnson City,TN,Evans & Evans Real Estate,realestate,IT,Verify,3,4,No website listed (OSM) — verify with a quick Google/call; realestate business with no web presence — likely no IT partner either,+1-423-282-1817,,2685 Boones Creek Road,https://www.google.com/maps/search/?api=1&query=Evans%20%26%20Evans%20Real%20Estate%20Johnson%20City%20TN,OSM,
NE Tennessee,Johnson City,TN,Appalachian Community Federal Credit Union,finance,IT,High,3,4,SSL certificate broken/expired,+1-800-378-3778,https://www.myacfcu.org/,3101 Peoples Street,https://www.google.com/maps/search/?api=1&query=Appalachian%20Community%20Federal%20Credit%20Union%20Johnson%20City%20TN,OSM,
NE Tennessee,Kingsport,TN,Colonial Heights Pharmacy,healthcare,IT,Verify,3,4,No website listed (OSM) — verify with a quick Google/call; healthcare business with no web presence — likely no IT partner either,+1-423-239-9191,,4221 Fort Henry Drive,https://www.google.com/maps/search/?api=1&query=Colonial%20Heights%20Pharmacy%20Kingsport%20TN,OSM,
NE Tennessee,Kingsport,TN,Advance Financial,finance,IT,Verify,3,4,No website listed (OSM) — verify with a quick Google/call; finance business with no web presence — likely no IT partner either,+1-423-202-9935,,4270 Fort Henry Drive,https://www.google.com/maps/search/?api=1&query=Advance%20Financial%20Kingsport%20TN,OSM,
NE Tennessee,Kingsport,TN,"MSMG Family Medicine, Internal Medicine & Pediatrics",healthcare,IT,Verify,3,4,No website listed (OSM) — verify with a quick Google/call; healthcare business with no web presence — likely no IT partner either,+1-423-224-3900,,2204 Pavilion Drive,https://www.google.com/maps/search/?api=1&query=MSMG%20Family%20Medicine%2C%20Internal%20Medicine%20%26%20Pediatrics%20Kingsport%20TN,OSM,
NE Tennessee,Kingsport,TN,Bank of Tennessee,finance,IT,Verify,3,4,No website listed (OSM) — verify with a quick Google/call; finance business with no web presence — likely no IT partner either,+1-423-378-9500,,4214 Fort Henry Drive,https://www.google.com/maps/search/?api=1&query=Bank%20of%20Tennessee%20Kingsport%20TN,OSM,
NE Tennessee,Elizabethton,TN,Eastman Credit Union,finance,IT,Verify,3,4,No website listed (OSM) — verify with a quick Google/call; finance business with no web presence — likely no IT partner either,+1-800-999-2328,,5928 Highway 11 E,https://www.google.com/maps/search/?api=1&query=Eastman%20Credit%20Union%20Elizabethton%20TN,OSM,
NE Tennessee,Greeneville,TN,Medicine Shoppe,healthcare,IT,Verify,3,4,No website listed (OSM) — verify with a quick Google/call; healthcare business with no web presence — likely no IT partner either,+1-423-422-2829,,6766 West Andrew Johnson Highway,https://www.google.com/maps/search/?api=1&query=Medicine%20Shoppe%20Greeneville%20TN,OSM,
NE Tennessee,Greeneville,TN,SoFHA OB/GYN Specialists,healthcare,IT,Verify,3,4,No website listed (OSM) — verify with a quick Google/call; healthcare business with no web presence — likely no IT partner either,+1-423-636-2770,,5000 Monarch Pointe,https://www.google.com/maps/search/?api=1&query=SoFHA%20OB%2FGYN%20Specialists%20Greeneville%20TN,OSM,
Upstate/N SC,Greenville,SC,mcPhail Animal Hospital,veterinary,IT,Verify,3,4,No website listed (OSM) — verify with a quick Google/call; veterinary business with no web presence — likely no IT partner either,+1-864-288-7618,,,https://www.google.com/maps/search/?api=1&query=mcPhail%20Animal%20Hospital%20Greenville%20SC,OSM,
Upstate/N SC,Greenville,SC,NorCon,realestate,IT,Verify,3,4,No website listed (OSM) — verify with a quick Google/call; realestate business with no web presence — likely no IT partner either,+1-864-284-6515,,,https://www.google.com/maps/search/?api=1&query=NorCon%20Greenville%20SC,OSM,
Upstate/N SC,Greenville,SC,West End Chiropractic,healthcare,IT,Verify,3,4,No website listed (OSM) — verify with a quick Google/call; healthcare business with no web presence — likely no IT partner either,+1-864-232-5488,,,https://www.google.com/maps/search/?api=1&query=West%20End%20Chiropractic%20Greenville%20SC,OSM,
Upstate/N SC,Greenville,SC,A Plus Insurance,finance,IT,Verify,3,4,No website listed (OSM) — verify with a quick Google/call; finance business with no web presence — likely no IT partner either,+1-864-671-0400,,200 North Main Street,https://www.google.com/maps/search/?api=1&query=A%20Plus%20Insurance%20Greenville%20SC,OSM,
Upstate/N SC,Greenville,SC,"The Angell Law Firm, LLC",legal,IT,Verify,3,4,No website listed (OSM) — verify with a quick Google/call; legal business with no web presence — likely no IT partner either,+1-864-670-2727,,200 North Main Street,https://www.google.com/maps/search/?api=1&query=The%20Angell%20Law%20Firm%2C%20LLC%20Greenville%20SC,OSM,
Upstate/N SC,Greenville,SC,Family Chiropractic & Nutrition,healthcare,IT,Verify,3,4,No website listed (OSM) — verify with a quick Google/call; healthcare business with no web presence — likely no IT partner either,+1-864-254-1091,,,https://www.google.com/maps/search/?api=1&query=Family%20Chiropractic%20%26%20Nutrition%20Greenville%20SC,OSM,
Upstate/N SC,Greenville,SC,Pain Relief Chiropractic,healthcare,IT,Verify,3,4,No website listed (OSM) — verify with a quick Google/call; healthcare business with no web presence — likely no IT partner either,+1 864-233-3434,,730 South Pleasantburg Drive,https://www.google.com/maps/search/?api=1&query=Pain%20Relief%20Chiropractic%20Greenville%20SC,OSM,
Upstate/N SC,Greenville,SC,Carolinas Center for Oral & Facial Surgery,healthcare,IT,Verify,3,4,No website listed (OSM) — verify with a quick Google/call; healthcare business with no web presence — likely no IT partner either,+1-864-751-9972,,,https://www.google.com/maps/search/?api=1&query=Carolinas%20Center%20for%20Oral%20%26%20Facial%20Surgery%20Greenville%20SC,OSM,
Upstate/N SC,Greenville,SC,Upstate Dental Associates,healthcare,IT,Verify,3,4,No website listed (OSM) — verify with a quick Google/call; healthcare business with no web presence — likely no IT partner either,+1-864-288-3852,,116 East Butler Road,https://www.google.com/maps/search/?api=1&query=Upstate%20Dental%20Associates%20Greenville%20SC,OSM,
Upstate/N SC,Greenville,SC,State Credit Union,finance,IT,Verify,3,4,No website listed (OSM) — verify with a quick Google/call; finance business with no web presence — likely no IT partner either,+1-864-235-0363,,1435 Cleveland Street,https://www.google.com/maps/search/?api=1&query=State%20Credit%20Union%20Greenville%20SC,OSM,
Upstate/N SC,Greenville,SC,St Francis Cancer Center,healthcare,IT,High,3,4,SSL certificate broken/expired,+1 864 603 6200,http://stfranciscancercenter.org/,104 Innovation Drive,https://www.google.com/maps/search/?api=1&query=St%20Francis%20Cancer%20Center%20Greenville%20SC,OSM,
Upstate/N SC,Greenville,SC,Joy Real Estate Co,realestate,IT,Verify,3,4,No website listed (OSM) — verify with a quick Google/call; realestate business with no web presence — likely no IT partner either,+1-864-297-3111,,309 East Butler Road,https://www.google.com/maps/search/?api=1&query=Joy%20Real%20Estate%20Co%20Greenville%20SC,OSM,
Upstate/N SC,Greer,SC,Carraway Family and Cosmetic Dentistry,healthcare,IT,Verify,3,4,No website listed (OSM) — verify with a quick Google/call; healthcare business with no web presence — likely no IT partner either,+1-864-268-7812,,2104 Old Spartanburg Road,https://www.google.com/maps/search/?api=1&query=Carraway%20Family%20and%20Cosmetic%20Dentistry%20Greer%20SC,OSM,
Upstate/N SC,Greer,SC,Gillespie Insurance Services Inc,finance,IT,Verify,3,4,No website listed (OSM) — verify with a quick Google/call; finance business with no web presence — likely no IT partner either,+1-864-661-1422,,,https://www.google.com/maps/search/?api=1&query=Gillespie%20Insurance%20Services%20Inc%20Greer%20SC,OSM,
Upstate/N SC,Greer,SC,Elevation Surveying,engineering,IT,Verify,3,4,No website listed (OSM) — verify with a quick Google/call; engineering business with no web presence — likely no IT partner either,+1-864-334-5560,,,https://www.google.com/maps/search/?api=1&query=Elevation%20Surveying%20Greer%20SC,OSM,
Upstate/N SC,Greer,SC,Hendrix Insurance agency,finance,IT,Verify,3,4,No website listed (OSM) — verify with a quick Google/call; finance business with no web presence — likely no IT partner either,+1-864-439-5440,,109 East Main Street,https://www.google.com/maps/search/?api=1&query=Hendrix%20Insurance%20agency%20Greer%20SC,OSM,
Upstate/N SC,Greer,SC,Abner Creek Chiropractic,healthcare,IT,Verify,3,4,No website listed (OSM) — verify with a quick Google/call; healthcare business with no web presence — likely no IT partner either,+1-864-801-3230,,1110 Berry Shoals Road,https://www.google.com/maps/search/?api=1&query=Abner%20Creek%20Chiropractic%20Greer%20SC,OSM,
Upstate/N SC,Greer,SC,Gibbs Cancer Center & Research Institute,healthcare,IT,Verify,3,4,No website listed (OSM) — verify with a quick Google/call; healthcare business with no web presence — likely no IT partner either,+1-855-362-4422,,2759 South Highway 14,https://www.google.com/maps/search/?api=1&query=Gibbs%20Cancer%20Center%20%26%20Research%20Institute%20Greer%20SC,OSM,
Upstate/N SC,Greer,SC,Doctors Care,healthcare,IT,Verify,3,4,No website listed (OSM) — verify with a quick Google/call; healthcare business with no web presence — likely no IT partner either,+1-864-968-9144,,230 West Wade Hampton Boulevard,https://www.google.com/maps/search/?api=1&query=Doctors%20Care%20Greer%20SC,OSM,
Upstate/N SC,Spartanburg,SC,Hub City Pharmacy,healthcare,IT,Verify,3,4,No website listed (OSM) — verify with a quick Google/call; healthcare business with no web presence — likely no IT partner either,+18645863886,,1735 John B White Sr Boulevard,https://www.google.com/maps/search/?api=1&query=Hub%20City%20Pharmacy%20Spartanburg%20SC,OSM,
Upstate/N SC,Spartanburg,SC,Sparkle City Chiropractic,healthcare,IT,Verify,3,4,No website listed (OSM) — verify with a quick Google/call; healthcare business with no web presence — likely no IT partner either,+1-864-285-4492,,1802 Drayton Road,https://www.google.com/maps/search/?api=1&query=Sparkle%20City%20Chiropractic%20Spartanburg%20SC,OSM,
Upstate/N SC,Spartanburg,SC,"Spartanburg Ear, Nose & Throat",healthcare,IT,Verify,3,4,No website listed (OSM) — verify with a quick Google/call; healthcare business with no web presence — likely no IT partner either,+1-864-582-2900,,,https://www.google.com/maps/search/?api=1&query=Spartanburg%20Ear%2C%20Nose%20%26%20Throat%20Spartanburg%20SC,OSM,
Upstate/N SC,Spartanburg,SC,Carolina Medical Affiliates,healthcare,IT,Verify,3,4,No website listed (OSM) — verify with a quick Google/call; healthcare business with no web presence — likely no IT partner either,+1-864-529-3027,,,https://www.google.com/maps/search/?api=1&query=Carolina%20Medical%20Affiliates%20Spartanburg%20SC,OSM,
Upstate/N SC,Spartanburg,SC,Piedmont Eye Associates,healthcare,IT,Verify,3,4,No website listed (OSM) — verify with a quick Google/call; healthcare business with no web presence — likely no IT partner either,+1 864 583 5312,,,https://www.google.com/maps/search/?api=1&query=Piedmont%20Eye%20Associates%20Spartanburg%20SC,OSM,
Upstate/N SC,Spartanburg,SC,Horizon Medical Associates,healthcare,IT,Verify,3,4,No website listed (OSM) — verify with a quick Google/call; healthcare business with no web presence — likely no IT partner either,+1-864-591-1700,,1455 East Main Street,https://www.google.com/maps/search/?api=1&query=Horizon%20Medical%20Associates%20Spartanburg%20SC,OSM,
Upstate/N SC,Spartanburg,SC,Devore Dermatology,healthcare,IT,Verify,3,4,No website listed (OSM) — verify with a quick Google/call; healthcare business with no web presence — likely no IT partner either,+1-864-596-7546,,490 Floyd Road,https://www.google.com/maps/search/?api=1&query=Devore%20Dermatology%20Spartanburg%20SC,OSM,
Upstate/N SC,Gaffney,SC,Cherokee County Health Center,healthcare,IT,Verify,3,4,No website listed (OSM) — verify with a quick Google/call; healthcare business with no web presence — likely no IT partner either,+1 864 487 2705,,400 South Logan Street,https://www.google.com/maps/search/?api=1&query=Cherokee%20County%20Health%20Center%20Gaffney%20SC,OSM,
Upstate/N SC,Rock Hill,SC,Catawba River Dentistry,healthcare,IT,Verify,3,4,No website listed (OSM) — verify with a quick Google/call; healthcare business with no web presence — likely no IT partner either,+1 803 396 5888,,100 Dobys Bridge Road,https://www.google.com/maps/search/?api=1&query=Catawba%20River%20Dentistry%20Rock%20Hill%20SC,OSM,
SE Kentucky,Pikeville,KY,PMC Paint Management & Outpatient Pharmacy,healthcare,IT,High,3,4,SSL certificate broken/expired,+1-606-218-2217,https://www.pikevillehospital.org,231 Hibbard Street,https://www.google.com/maps/search/?api=1&query=PMC%20Paint%20Management%20%26%20Outpatient%20Pharmacy%20Pikeville%20KY,OSM,
SE Kentucky,Hazard,KY,Roper Law Firm,legal,IT,Verify,3,4,No website listed (OSM) — verify with a quick Google/call; legal business with no web presence — likely no IT partner either,+1-606-487-0651,,554 High Street,https://www.google.com/maps/search/?api=1&query=Roper%20Law%20Firm%20Hazard%20KY,OSM,
SE Kentucky,Whitesburg,KY,David Narramore,healthcare,IT,Verify,3,4,No website listed (OSM) — verify with a quick Google/call; healthcare business with no web presence — likely no IT partner either,+1 606 6334854,,,https://www.google.com/maps/search/?api=1&query=David%20Narramore%20Whitesburg%20KY,OSM,
SE Kentucky,Whitesburg,KY,Mountain Instant Care,healthcare,IT,Verify,3,4,No website listed (OSM) — verify with a quick Google/call; healthcare business with no web presence — likely no IT partner either,+1 606 6337000,,,https://www.google.com/maps/search/?api=1&query=Mountain%20Instant%20Care%20Whitesburg%20KY,OSM,
SE Kentucky,Middlesboro,KY,Larry Brooks Bookkeeping & Tax Service,accounting,IT,Verify,3,4,No website listed (OSM) — verify with a quick Google/call; accounting business with no web presence — likely no IT partner either,+16062485300,,,https://www.google.com/maps/search/?api=1&query=Larry%20Brooks%20Bookkeeping%20%26%20Tax%20Service%20Middlesboro%20KY,OSM,
SE Kentucky,Middlesboro,KY,Family Pride Counseling,healthcare,IT,Verify,3,4,No website listed (OSM) — verify with a quick Google/call; healthcare business with no web presence — likely no IT partner either,+16067661344,,,https://www.google.com/maps/search/?api=1&query=Family%20Pride%20Counseling%20Middlesboro%20KY,OSM,
SE Kentucky,Corbin,KY,Dr. Dana Chitwood O.D,healthcare,IT,Verify,3,4,No website listed (OSM) — verify with a quick Google/call; healthcare business with no web presence — likely no IT partner either,+1-606-258-8888,,,https://www.google.com/maps/search/?api=1&query=Dr.%20Dana%20Chitwood%20O.D%20Corbin%20KY,OSM,
SE Kentucky,Corbin,KY,Tackett Orthodontics,healthcare,IT,Verify,3,4,No website listed (OSM) — verify with a quick Google/call; healthcare business with no web presence — likely no IT partner either,+1-606-523-2000,,"727 West Cumberland Gap Pkwy Suite D, Corbin, KY 40701",https://www.google.com/maps/search/?api=1&query=Tackett%20Orthodontics%20Corbin%20KY,OSM,
Southern WV,Princeton,WV,First Community Bank,finance,IT,Verify,3,4,No website listed (OSM) — verify with a quick Google/call; finance business with no web presence — likely no IT partner either,+1-304-487-5900,,1309 Stafford Drive,https://www.google.com/maps/search/?api=1&query=First%20Community%20Bank%20Princeton%20WV,OSM,
Southern WV,Welch,WV,MCNB Bank and Trust - Mini Bank,finance,IT,Verify,3,4,No website listed (OSM) — verify with a quick Google/call; finance business with no web presence — likely no IT partner either,+1-304-436-4112,,94 Howard Street,https://www.google.com/maps/search/?api=1&query=MCNB%20Bank%20and%20Trust%20-%20Mini%20Bank%20Welch%20WV,OSM,
Southern WV,Welch,WV,MCNB Bank and Trust - Banking Center,finance,IT,Verify,3,4,No website listed (OSM) — verify with a quick Google/call; finance business with no web presence — likely no IT partner either,+1-304-436-4112,,75 Wyoming Street,https://www.google.com/maps/search/?api=1&query=MCNB%20Bank%20and%20Trust%20-%20Banking%20Center%20Welch%20WV,OSM,
Southern WV,Beckley,WV,City National Bank,finance,IT,Verify,3,4,No website listed (OSM) — verify with a quick Google/call; finance business with no web presence — likely no IT partner either,+1-304-255-5140,,212 Airport Road,https://www.google.com/maps/search/?api=1&query=City%20National%20Bank%20Beckley%20WV,OSM,
Southern WV,Beckley,WV,One Valley Bank,finance,IT,Verify,3,4,No website listed (OSM) — verify with a quick Google/call; finance business with no web presence — likely no IT partner either,+1-304-252-6334,,3941 Robert C Byrd Drive,https://www.google.com/maps/search/?api=1&query=One%20Valley%20Bank%20Beckley%20WV,OSM,
Southern WV,Beckley,WV,Glen Daniel Pharmacy,healthcare,IT,Verify,3,4,No website listed (OSM) — verify with a quick Google/call; healthcare business with no web presence — likely no IT partner either,+13049346337,,6435 Harper Road,https://www.google.com/maps/search/?api=1&query=Glen%20Daniel%20Pharmacy%20Beckley%20WV,OSM,
Southern WV,Hinton,WV,First Community Bank,finance,IT,Verify,3,4,No website listed (OSM) — verify with a quick Google/call; finance business with no web presence — likely no IT partner either,+1-304-466-5502,,298 Stokes Dr,https://www.google.com/maps/search/?api=1&query=First%20Community%20Bank%20Hinton%20WV,OSM,
Southern WV,Hinton,WV,Summit Community Bank,finance,IT,Verify,3,4,No website listed (OSM) — verify with a quick Google/call; finance business with no web presence — likely no IT partner either,+1-304-466-2311,,321 Temple Street,https://www.google.com/maps/search/?api=1&query=Summit%20Community%20Bank%20Hinton%20WV,OSM,
Southern WV,Williamson,WV,BB&T,finance,IT,Verify,3,4,No website listed (OSM) — verify with a quick Google/call; finance business with no web presence — likely no IT partner either,+1-304-235-1544,,250 East 2nd Avenue,https://www.google.com/maps/search/?api=1&query=BB%26T%20Williamson%20WV,OSM,
SW Virginia,Abingdon,VA,First Community Bank,finance,IT,Verify,3,4,No website listed (OSM) — verify with a quick Google/call; finance business with no web presence — likely no IT partner either,+1-276-628-6300,,24412 Maringo Road,https://www.google.com/maps/search/?api=1&query=First%20Community%20Bank%20Abingdon%20VA,OSM,
SW Virginia,Abingdon,VA,Wolf Hills Tax & Insurance,accounting,IT,Verify,3,4,No website listed (OSM) — verify with a quick Google/call; accounting business with no web presence — likely no IT partner either,+1 276-623-2469,,,https://www.google.com/maps/search/?api=1&query=Wolf%20Hills%20Tax%20%26%20Insurance%20Abingdon%20VA,OSM,
SW Virginia,Abingdon,VA,Ann Fleenor Myofascial Release & Healing,healthcare,IT,Verify,3,4,No website listed (OSM) — verify with a quick Google/call; healthcare business with no web presence — likely no IT partner either,+1 276-285-8195,,418 West Main Street,https://www.google.com/maps/search/?api=1&query=Ann%20Fleenor%20Myofascial%20Release%20%26%20Healing%20Abingdon%20VA,OSM,
SW Virginia,Abingdon,VA,Matthew B Crumpling Attorney & Counselor at Law,legal,IT,Verify,3,4,No website listed (OSM) — verify with a quick Google/call; legal business with no web presence — likely no IT partner either,+1 276-619-0971,,440 West Main Street,https://www.google.com/maps/search/?api=1&query=Matthew%20B%20Crumpling%20Attorney%20%26%20Counselor%20at%20Law%20Abingdon%20VA,OSM,
SW Virginia,Abingdon,VA,Countryside Realty,realestate,IT,Verify,3,4,No website listed (OSM) — verify with a quick Google/call; realestate business with no web presence — likely no IT partner either,+1 276-628-2250,,436 West Main Street,https://www.google.com/maps/search/?api=1&query=Countryside%20Realty%20Abingdon%20VA,OSM,
SW Virginia,Abingdon,VA,Gibson Financial,finance,IT,Verify,3,4,No website listed (OSM) — verify with a quick Google/call; finance business with no web presence — likely no IT partner either,+1 276-451-2078,,452 West Main Street,https://www.google.com/maps/search/?api=1&query=Gibson%20Financial%20Abingdon%20VA,OSM,
SW Virginia,Abingdon,VA,National Bank,finance,IT,Verify,3,4,No website listed (OSM) — verify with a quick Google/call; finance business with no web presence — likely no IT partner either,+1-276-628-9131,,102 Wall Street South,https://www.google.com/maps/search/?api=1&query=National%20Bank%20Abingdon%20VA,OSM,
SW Virginia,Galax,VA,Galax Pharmacy,healthcare,IT,Verify,3,4,No website listed (OSM) — verify with a quick Google/call; healthcare business with no web presence — likely no IT partner either,+1-276-236-1120,,967 East Stuart Drive,https://www.google.com/maps/search/?api=1&query=Galax%20Pharmacy%20Galax%20VA,OSM,
SW Virginia,Galax,VA,Skyline National Bank,finance,IT,Verify,3,4,No website listed (OSM) — verify with a quick Google/call; finance business with no web presence — likely no IT partner either,+1-276-238-8112,,8351 Carrollton Pike,https://www.google.com/maps/search/?api=1&query=Skyline%20National%20Bank%20Galax%20VA,OSM,
SW Virginia,Galax,VA,Carter Bank & Trust,finance,IT,Verify,3,4,No website listed (OSM) — verify with a quick Google/call; finance business with no web presence — likely no IT partner either,+1-276-236-7107,,543 East Stuart Drive,https://www.google.com/maps/search/?api=1&query=Carter%20Bank%20%26%20Trust%20Galax%20VA,OSM,
SW Virginia,Norton/Wise,VA,Kennedy Law Office,legal,IT,Verify,3,4,No website listed (OSM) — verify with a quick Google/call; legal business with no web presence — likely no IT partner either,+1-276-328-0918,,West Main Street,https://www.google.com/maps/search/?api=1&query=Kennedy%20Law%20Office%20Norton%2FWise%20VA,OSM,
SW Virginia,Norton/Wise,VA,"The O'Quinn Law Office, PLLC",legal,IT,Verify,3,4,No website listed (OSM) — verify with a quick Google/call; legal business with no web presence — likely no IT partner either,+1-276-679-2111,,532 West Main Street,https://www.google.com/maps/search/?api=1&query=The%20O'Quinn%20Law%20Office%2C%20PLLC%20Norton%2FWise%20VA,OSM,
SW Virginia,Norton/Wise,VA,Lonesome Pine Realty,realestate,IT,Verify,3,4,No website listed (OSM) — verify with a quick Google/call; realestate business with no web presence — likely no IT partner either,+1-276-321-7674,,,https://www.google.com/maps/search/?api=1&query=Lonesome%20Pine%20Realty%20Norton%2FWise%20VA,OSM,
SW Virginia,Lebanon,VA,New Peoples Bank,finance,IT,Verify,3,4,No website listed (OSM) — verify with a quick Google/call; finance business with no web presence — likely no IT partner either,+1 276-889-5100,,1421 East Main Street,https://www.google.com/maps/search/?api=1&query=New%20Peoples%20Bank%20Lebanon%20VA,OSM,
SW Virginia,Lebanon,VA,TigeRx Pharmacy,healthcare,IT,Verify,3,4,No website listed (OSM) — verify with a quick Google/call; healthcare business with no web presence — likely no IT partner either,+1-276-873-4700,,,https://www.google.com/maps/search/?api=1&query=TigeRx%20Pharmacy%20Lebanon%20VA,OSM,
SW Virginia,Lebanon,VA,McFarlane-Hillman Pharmacy,healthcare,IT,Verify,3,4,No website listed (OSM) — verify with a quick Google/call; healthcare business with no web presence — likely no IT partner either,+12768895721,,116 South Flanagan Avenue,https://www.google.com/maps/search/?api=1&query=McFarlane-Hillman%20Pharmacy%20Lebanon%20VA,OSM,
SW Virginia,Richlands,VA,First Sentinel Bank,finance,IT,Verify,3,4,No website listed (OSM) — verify with a quick Google/call; finance business with no web presence — likely no IT partner either,+1-276-963-0836,,315 Railroad Avenue,https://www.google.com/maps/search/?api=1&query=First%20Sentinel%20Bank%20Richlands%20VA,OSM,
SW Virginia,Richlands,VA,First Community Bank,finance,IT,Verify,3,4,No website listed (OSM) — verify with a quick Google/call; finance business with no web presence — likely no IT partner either,+1-276-964-7454,,302 Washington Square,https://www.google.com/maps/search/?api=1&query=First%20Community%20Bank%20Richlands%20VA,OSM,
SW Virginia,Blacksburg,VA,Schiffert Health Center,healthcare,IT,Verify,3,4,No website listed (OSM) — verify with a quick Google/call; healthcare business with no web presence — likely no IT partner either,+1-540-231-6444,,895 Washington Street,https://www.google.com/maps/search/?api=1&query=Schiffert%20Health%20Center%20Blacksburg%20VA,OSM,
SW Virginia,Blacksburg,VA,Blacksburg Family Care,healthcare,IT,Verify,3,4,No website listed (OSM) — verify with a quick Google/call; healthcare business with no web presence — likely no IT partner either,+1-540-951-9444,,708 North Main Street,https://www.google.com/maps/search/?api=1&query=Blacksburg%20Family%20Care%20Blacksburg%20VA,OSM,
SW Virginia,Blacksburg,VA,Farm Bureau Insurance,finance,IT,Verify,3,4,No website listed (OSM) — verify with a quick Google/call; finance business with no web presence — likely no IT partner either,+1-540-961-4086,,708 North Main Street,https://www.google.com/maps/search/?api=1&query=Farm%20Bureau%20Insurance%20Blacksburg%20VA,OSM,
SW Virginia,Blacksburg,VA,Counts Family Pharmacy,healthcare,IT,High,3,4,SSL certificate broken/expired,+1-540-605-7721,https://countspharmacy.com/,301 South Main Street,https://www.google.com/maps/search/?api=1&query=Counts%20Family%20Pharmacy%20Blacksburg%20VA,OSM,
SW Virginia,Blacksburg,VA,"K. M. Sowinski, M.D. Family Practice",healthcare,IT,Verify,3,4,No website listed (OSM) — verify with a quick Google/call; healthcare business with no web presence — likely no IT partner either,+1-540-552-5545,,105 McDonald Street,https://www.google.com/maps/search/?api=1&query=K.%20M.%20Sowinski%2C%20M.D.%20Family%20Practice%20Blacksburg%20VA,OSM,
SW Virginia,Blacksburg,VA,Noonkester Real Estate,realestate,IT,Verify,3,4,No website listed (OSM) — verify with a quick Google/call; realestate business with no web presence — likely no IT partner either,+1-540-552-3331,,1106 North Main Street,https://www.google.com/maps/search/?api=1&query=Noonkester%20Real%20Estate%20Blacksburg%20VA,OSM,
SW Virginia,Pulaski,VA,Tipton Ridge Veterinary Center,veterinary,IT,Verify,3,4,No website listed (OSM) — verify with a quick Google/call; veterinary business with no web presence — likely no IT partner either,+1-540-980-0186,,1858 Bob White Boulevard,https://www.google.com/maps/search/?api=1&query=Tipton%20Ridge%20Veterinary%20Center%20Pulaski%20VA,OSM,
SW Virginia,Pulaski,VA,Martin's Pharmacy,healthcare,IT,Verify,3,4,No website listed (OSM) — verify with a quick Google/call; healthcare business with no web presence — likely no IT partner either,+1-540-980-4060,,400 North Washington Avenue,https://www.google.com/maps/search/?api=1&query=Martin's%20Pharmacy%20Pulaski%20VA,OSM,
SW Virginia,Roanoke,VA,Roanoke Dental Care,healthcare,IT,Verify,3,4,No website listed (OSM) — verify with a quick Google/call; healthcare business with no web presence — likely no IT partner either,+1-540-989-4549,,4207 Colonial Avenue,https://www.google.com/maps/search/?api=1&query=Roanoke%20Dental%20Care%20Roanoke%20VA,OSM,
SW Virginia,Roanoke,VA,Commonwealth Dental Clinic,healthcare,IT,Verify,3,4,No website listed (OSM) — verify with a quick Google/call; healthcare business with no web presence — likely no IT partner either,+1 540 685 0028,,1121 South Jefferson Street,https://www.google.com/maps/search/?api=1&query=Commonwealth%20Dental%20Clinic%20Roanoke%20VA,OSM,
SW Virginia,Roanoke,VA,We Care Dental Care,healthcare,IT,High,3,4,SSL certificate broken/expired,+1-540-427-7274,https://www.wecaredentalcare.com/,3433 Orange Avenue Northeast,https://www.google.com/maps/search/?api=1&query=We%20Care%20Dental%20Care%20Roanoke%20VA,OSM,
SW Virginia,Roanoke,VA,Lucas Therapies,healthcare,IT,Verify,3,4,No website listed (OSM) — verify with a quick Google/call; healthcare business with no web presence — likely no IT partner either,+1 540-772-8022,,1967 Electric Road,https://www.google.com/maps/search/?api=1&query=Lucas%20Therapies%20Roanoke%20VA,OSM,
Western NC,Asheville,NC,Robert H Owen III Attorney at Law,legal,IT,Verify,3,4,No website listed (OSM) — verify with a quick Google/call; legal business with no web presence — likely no IT partner either,+1-828-253-3982,,417 Biltmore Avenue,https://www.google.com/maps/search/?api=1&query=Robert%20H%20Owen%20III%20Attorney%20at%20Law%20Asheville%20NC,OSM,
Western NC,Asheville,NC,"Candler Veterinary Clinic, PA",veterinary,IT,Verify,3,4,No website listed (OSM) — verify with a quick Google/call; veterinary business with no web presence — likely no IT partner either,+18286670247,,911 Smokey Park Highway,https://www.google.com/maps/search/?api=1&query=Candler%20Veterinary%20Clinic%2C%20PA%20Asheville%20NC,OSM,
Western NC,Asheville,NC,Asheville Mountain Pharmacy,healthcare,IT,Verify,3,4,No website listed (OSM) — verify with a quick Google/call; healthcare business with no web presence — likely no IT partner either,+18285750723,,1272 Tunnel Road,https://www.google.com/maps/search/?api=1&query=Asheville%20Mountain%20Pharmacy%20Asheville%20NC,OSM,
Western NC,Asheville,NC,Gentle Family Dentistry,healthcare,IT,Verify,3,4,No website listed (OSM) — verify with a quick Google/call; healthcare business with no web presence — likely no IT partner either,+18282998824,,1674 Tunnel Road,https://www.google.com/maps/search/?api=1&query=Gentle%20Family%20Dentistry%20Asheville%20NC,OSM,
Western NC,Asheville,NC,Fairview Animal Hospital,veterinary,IT,Verify,3,4,No website listed (OSM) — verify with a quick Google/call; veterinary business with no web presence — likely no IT partner either,+18286283557,,867 Charlotte Highway,https://www.google.com/maps/search/?api=1&query=Fairview%20Animal%20Hospital%20Asheville%20NC,OSM,
Western NC,Asheville,NC,Cataloochee Dental Group - Candler,healthcare,IT,Verify,3,4,No website listed (OSM) — verify with a quick Google/call; healthcare business with no web presence — likely no IT partner either,+18282776800,,811 Smokey Park Highway,https://www.google.com/maps/search/?api=1&query=Cataloochee%20Dental%20Group%20-%20Candler%20Asheville%20NC,OSM,
Western NC,Asheville,NC,FastMed Urgent Care,healthcare,IT,Verify,3,4,No website listed (OSM) — verify with a quick Google/call; healthcare business with no web presence — likely no IT partner either,+18283651088,,511 Smokey Park Highway,https://www.google.com/maps/search/?api=1&query=FastMed%20Urgent%20Care%20Asheville%20NC,OSM,
Western NC,Asheville,NC,Telco Community Credit Union- Candler Branch,finance,IT,Verify,3,4,No website listed (OSM) — verify with a quick Google/call; finance business with no web presence — likely no IT partner either,+18282526458,,1141 Smokey Park Highway,https://www.google.com/maps/search/?api=1&query=Telco%20Community%20Credit%20Union-%20Candler%20Branch%20Asheville%20NC,OSM,
Western NC,Asheville,NC,M&C Servicios Latinos & Insurance Solutions of Asheville,accounting,IT,Verify,3,4,No website listed (OSM) — verify with a quick Google/call; accounting business with no web presence — likely no IT partner either,+1 828-582-0823,,34 New Leicester Highway,https://www.google.com/maps/search/?api=1&query=M%26C%20Servicios%20Latinos%20%26%20Insurance%20Solutions%20of%20Asheville%20Asheville%20NC,OSM,
Western NC,Asheville,NC,Telco Community Credit Union,finance,IT,Verify,3,4,No website listed (OSM) — verify with a quick Google/call; finance business with no web presence — likely no IT partner either,+1 828-252-6458,,34 Northcrest Road,https://www.google.com/maps/search/?api=1&query=Telco%20Community%20Credit%20Union%20Asheville%20NC,OSM,
Western NC,Asheville,NC,Mission Family Medicine - Weaverville,healthcare,IT,Verify,3,4,No website listed (OSM) — verify with a quick Google/call; healthcare business with no web presence — likely no IT partner either,+1 828-645-3066,,63 Monticello Road,https://www.google.com/maps/search/?api=1&query=Mission%20Family%20Medicine%20-%20Weaverville%20Asheville%20NC,OSM,
Western NC,Asheville,NC,Cedar Ridge Animal Hospital,veterinary,IT,Verify,3,4,No website listed (OSM) — verify with a quick Google/call; veterinary business with no web presence — likely no IT partner either,+18285752430,,184 Charlotte Highway,https://www.google.com/maps/search/?api=1&query=Cedar%20Ridge%20Animal%20Hospital%20Asheville%20NC,OSM,
Western NC,Asheville,NC,"Goosmann Rose Colvard & Cramer, PA",legal,IT,Verify,3,4,No website listed (OSM) — verify with a quick Google/call; legal business with no web presence — likely no IT partner either,+18282580150,,68 North Main Street,https://www.google.com/maps/search/?api=1&query=Goosmann%20Rose%20Colvard%20%26%20Cramer%2C%20PA%20Asheville%20NC,OSM,
Western NC,Asheville,NC,All Pets Animal Hospital & Rehabilitation Center,veterinary,IT,Verify,3,4,No website listed (OSM) — verify with a quick Google/call; veterinary business with no web presence — likely no IT partner either,+18286455252,,7 Reynolds Mountain Boulevard,https://www.google.com/maps/search/?api=1&query=All%20Pets%20Animal%20Hospital%20%26%20Rehabilitation%20Center%20Asheville%20NC,OSM,
Western NC,Hendersonville,NC,O'Cain Design Group,engineering,IT,Verify,3,4,No website listed (OSM) — verify with a quick Google/call; engineering business with no web presence — likely no IT partner either,+1-828-692-4991,,,https://www.google.com/maps/search/?api=1&query=O'Cain%20Design%20Group%20Hendersonville%20NC,OSM,
Western NC,Hendersonville,NC,Saluda Family Medicine,healthcare,IT,Verify,3,4,No website listed (OSM) — verify with a quick Google/call; healthcare business with no web presence — likely no IT partner either,+18287490149,,1347 Ozone Drive,https://www.google.com/maps/search/?api=1&query=Saluda%20Family%20Medicine%20Hendersonville%20NC,OSM,
Western NC,Brevard,NC,Animals Of Eden Veterinary Hospital PLLC,veterinary,IT,Verify,3,4,No website listed (OSM) — verify with a quick Google/call; veterinary business with no web presence — likely no IT partner either,+18288843647,,68 Cassell Road,https://www.google.com/maps/search/?api=1&query=Animals%20Of%20Eden%20Veterinary%20Hospital%20PLLC%20Brevard%20NC,OSM,
Western NC,Brevard,NC,Gordon Family Pharmacy Inc,healthcare,IT,Verify,3,4,No website listed (OSM) — verify with a quick Google/call; healthcare business with no web presence — likely no IT partner either,+18288776111,,518 South Broad Street,https://www.google.com/maps/search/?api=1&query=Gordon%20Family%20Pharmacy%20Inc%20Brevard%20NC,OSM,
Western NC,Waynesville,NC,Midway Medical Center,healthcare,IT,Verify,3,4,No website listed (OSM) — verify with a quick Google/call; healthcare business with no web presence — likely no IT partner either,+1-828-627-2211,,6750 Carolina Boulevard,https://www.google.com/maps/search/?api=1&query=Midway%20Medical%20Center%20Waynesville%20NC,OSM,
Western NC,Waynesville,NC,Sheppard Insurance Group,finance,IT,Verify,3,4,No website listed (OSM) — verify with a quick Google/call; finance business with no web presence — likely no IT partner either,+1-828-627-2826,,5792 Carolina Boulevard,https://www.google.com/maps/search/?api=1&query=Sheppard%20Insurance%20Group%20Waynesville%20NC,OSM,
Western NC,Waynesville,NC,HomeTrust Bank,finance,IT,Verify,3,4,No website listed (OSM) — verify with a quick Google/call; finance business with no web presence — likely no IT partner either,+1-828-627-9621,,8583 Carolina Boulevard,https://www.google.com/maps/search/?api=1&query=HomeTrust%20Bank%20Waynesville%20NC,OSM,
Western NC,Waynesville,NC,Cataloochee Dental Group,healthcare,IT,Verify,3,4,No website listed (OSM) — verify with a quick Google/call; healthcare business with no web presence — likely no IT partner either,+1-828-627-1050,,103 Haywood Park Drive,https://www.google.com/maps/search/?api=1&query=Cataloochee%20Dental%20Group%20Waynesville%20NC,OSM,
Western NC,Waynesville,NC,Haywood Pediatrics,healthcare,IT,Verify,3,4,No website listed (OSM) — verify with a quick Google/call; healthcare business with no web presence — likely no IT partner either,+1-828-452-2211,,15 Faculty Drive,https://www.google.com/maps/search/?api=1&query=Haywood%20Pediatrics%20Waynesville%20NC,OSM,
Western NC,Waynesville,NC,Western Carolina Cardiology,healthcare,IT,Verify,3,4,No website listed (OSM) — verify with a quick Google/call; healthcare business with no web presence — likely no IT partner either,+1-828-564-9222,,32 Physician Drive,https://www.google.com/maps/search/?api=1&query=Western%20Carolina%20Cardiology%20Waynesville%20NC,OSM,
Western NC,Waynesville,NC,Clayton Homes,manufacturing,IT,Verify,3,4,No website listed (OSM) — verify with a quick Google/call; manufacturing business with no web presence — likely no IT partner either,+18284562822,,18091 Great Smoky Mountains Expressway,https://www.google.com/maps/search/?api=1&query=Clayton%20Homes%20Waynesville%20NC,OSM,
Western NC,Waynesville,NC,Smoky Mountain Dentistry,healthcare,IT,Verify,3,4,No website listed (OSM) — verify with a quick Google/call; healthcare business with no web presence — likely no IT partner either,+18284525807,,30 NC-1370,https://www.google.com/maps/search/?api=1&query=Smoky%20Mountain%20Dentistry%20Waynesville%20NC,OSM,
Western NC,Waynesville,NC,EmergeOrtho-Blue Ridge,healthcare,IT,Verify,3,4,No website listed (OSM) — verify with a quick Google/call; healthcare business with no web presence — likely no IT partner either,+18282012636,,7 County Road,https://www.google.com/maps/search/?api=1&query=EmergeOrtho-Blue%20Ridge%20Waynesville%20NC,OSM,
Western NC,Waynesville,NC,NC Farm Bureau Insurance District Claims Office,finance,IT,Verify,3,4,No website listed (OSM) — verify with a quick Google/call; finance business with no web presence — likely no IT partner either,+18284529272,,47 Bowman Drive,https://www.google.com/maps/search/?api=1&query=NC%20Farm%20Bureau%20Insurance%20District%20Claims%20Office%20Waynesville%20NC,OSM,
Western NC,Waynesville,NC,Rockcliff Oral and Facial Surgery & Dental Implant Center,healthcare,IT,Verify,3,4,No website listed (OSM) — verify with a quick Google/call; healthcare business with no web presence — likely no IT partner either,+18285642510,,50 Bowman Drive,https://www.google.com/maps/search/?api=1&query=Rockcliff%20Oral%20and%20Facial%20Surgery%20%26%20Dental%20Implant%20Center%20Waynesville%20NC,OSM,
Western NC,Waynesville,NC,Mr. Michael Moziak,healthcare,IT,Verify,3,4,No website listed (OSM) — verify with a quick Google/call; healthcare business with no web presence — likely no IT partner either,+18282460775,,90 Haywood Office Park,https://www.google.com/maps/search/?api=1&query=Mr.%20Michael%20Moziak%20Waynesville%20NC,OSM,
Western NC,Waynesville,NC,Elk Country Realty,realestate,IT,Verify,3,4,No website listed (OSM) — verify with a quick Google/call; realestate business with no web presence — likely no IT partner either,+18289260091,,3131 Soco Road,https://www.google.com/maps/search/?api=1&query=Elk%20Country%20Realty%20Waynesville%20NC,OSM,
Western NC,Franklin,NC,Nantahala Physical Therapy,healthcare,IT,Verify,3,4,No website listed (OSM) — verify with a quick Google/call; healthcare business with no web presence — likely no IT partner either,+18283699103,,96 Macon Center Drive,https://www.google.com/maps/search/?api=1&query=Nantahala%20Physical%20Therapy%20Franklin%20NC,OSM,
Western NC,Franklin,NC,Entegra Bank Corporate Center,finance,IT,Verify,3,4,No website listed (OSM) — verify with a quick Google/call; finance business with no web presence — likely no IT partner either,+18285247000,,14 One Center Court,https://www.google.com/maps/search/?api=1&query=Entegra%20Bank%20Corporate%20Center%20Franklin%20NC,OSM,
Western NC,Franklin,NC,"Ross D. Dodge, LCSW",healthcare,IT,Verify,3,4,No website listed (OSM) — verify with a quick Google/call; healthcare business with no web presence — likely no IT partner either,+18285246342,,102 Thomas Heights Road,https://www.google.com/maps/search/?api=1&query=Ross%20D.%20Dodge%2C%20LCSW%20Franklin%20NC,OSM,
Western NC,Murphy,NC,Mountain Credit Union,finance,IT,Verify,3,4,No website listed (OSM) — verify with a quick Google/call; finance business with no web presence — likely no IT partner either,+18288370460,,8005 NC-141,https://www.google.com/maps/search/?api=1&query=Mountain%20Credit%20Union%20Murphy%20NC,OSM,
Western NC,Murphy,NC,WNC Marble & Granite Monuments,manufacturing,IT,Verify,3,4,No website listed (OSM) — verify with a quick Google/call; manufacturing business with no web presence — likely no IT partner either,+18288372647,,298 Old Slate Rd,https://www.google.com/maps/search/?api=1&query=WNC%20Marble%20%26%20Granite%20Monuments%20Murphy%20NC,OSM,
Western NC,Murphy,NC,Marble Veterinary Hospital,veterinary,IT,Verify,3,4,No website listed (OSM) — verify with a quick Google/call; veterinary business with no web presence — likely no IT partner either,+18285169100,,6548 US-19,https://www.google.com/maps/search/?api=1&query=Marble%20Veterinary%20Hospital%20Murphy%20NC,OSM,
Western NC,Murphy,NC,Murphy Medical Center Urgent Care,healthcare,IT,Verify,3,4,No website listed (OSM) — verify with a quick Google/call; healthcare business with no web presence — likely no IT partner either,+1-828-837-4712,,183 Ledford Street,https://www.google.com/maps/search/?api=1&query=Murphy%20Medical%20Center%20Urgent%20Care%20Murphy%20NC,OSM,
Western NC,Boone,NC,Wakeman Realty,realestate,IT,High,3,4,SSL certificate broken/expired,+1-828-262-1260,http://www.wakemanrealty.com,162 Realty Row,https://www.google.com/maps/search/?api=1&query=Wakeman%20Realty%20Boone%20NC,OSM,
Western NC,Boone,NC,Watauga Veterinary Hospital,veterinary,IT,Verify,3,4,No website listed (OSM) — verify with a quick Google/call; veterinary business with no web presence — likely no IT partner either,+1 828-297-3300,,2531 US 421,https://www.google.com/maps/search/?api=1&query=Watauga%20Veterinary%20Hospital%20Boone%20NC,OSM,
Western NC,Boone,NC,Animal Medical Center of Boone,veterinary,IT,Verify,3,4,No website listed (OSM) — verify with a quick Google/call; veterinary business with no web presence — likely no IT partner either,+18282647007,,1582 Old US-421 South,https://www.google.com/maps/search/?api=1&query=Animal%20Medical%20Center%20of%20Boone%20Boone%20NC,OSM,
Western NC,Boone,NC,"Wellspring Chiropractic and Acupuncture Center, Inc",healthcare,IT,Verify,3,4,No website listed (OSM) — verify with a quick Google/call; healthcare business with no web presence — likely no IT partner either,+1-828-265-0001,,2348 NC Highway 105,https://www.google.com/maps/search/?api=1&query=Wellspring%20Chiropractic%20and%20Acupuncture%20Center%2C%20Inc%20Boone%20NC,OSM,
Western NC,Boone,NC,Animal Hospital of Boone,veterinary,IT,Verify,3,4,No website listed (OSM) — verify with a quick Google/call; veterinary business with no web presence — likely no IT partner either,+1-828-264-7113,,2773 NC Highway 105,https://www.google.com/maps/search/?api=1&query=Animal%20Hospital%20of%20Boone%20Boone%20NC,OSM,
Western NC,Boone,NC,Blue Ridge Veterinary Clinic,veterinary,IT,Verify,3,4,No website listed (OSM) — verify with a quick Google/call; veterinary business with no web presence — likely no IT partner either,+1-828-963-6641,,106 Clubhouse Drive,https://www.google.com/maps/search/?api=1&query=Blue%20Ridge%20Veterinary%20Clinic%20Boone%20NC,OSM,
Western NC,West Jefferson,NC,"Roten Insurance Agency, Inc.",finance,IT,Verify,3,4,No website listed (OSM) — verify with a quick Google/call; finance business with no web presence — likely no IT partner either,+1-336-846-9800,,1967 NC-88,https://www.google.com/maps/search/?api=1&query=Roten%20Insurance%20Agency%2C%20Inc.%20West%20Jefferson%20NC,OSM,
Western NC,West Jefferson,NC,West Jefferson Medical Assocs,healthcare,IT,Verify,3,4,No website listed (OSM) — verify with a quick Google/call; healthcare business with no web presence — likely no IT partner either,+1-336-846-6100,,405 South Jefferson Avenue,https://www.google.com/maps/search/?api=1&query=West%20Jefferson%20Medical%20Assocs%20West%20Jefferson%20NC,OSM,
Western NC,West Jefferson,NC,Ashe Animal Clinic,veterinary,IT,Verify,3,4,No website listed (OSM) — verify with a quick Google/call; veterinary business with no web presence — likely no IT partner either,+13362462341,,605 East Main Street,https://www.google.com/maps/search/?api=1&query=Ashe%20Animal%20Clinic%20West%20Jefferson%20NC,OSM,
Western NC,West Jefferson,NC,High Mountain Cabin Rentals,realestate,IT,Verify,3,4,No website listed (OSM) — verify with a quick Google/call; realestate business with no web presence — likely no IT partner either,+18669316210,,434 McConnell Street,https://www.google.com/maps/search/?api=1&query=High%20Mountain%20Cabin%20Rentals%20West%20Jefferson%20NC,OSM,
Western NC,West Jefferson,NC,Ashe County Health Department,healthcare,IT,Verify,3,4,No website listed (OSM) — verify with a quick Google/call; healthcare business with no web presence — likely no IT partner either,+13362469449,,413 McConnell Street,https://www.google.com/maps/search/?api=1&query=Ashe%20County%20Health%20Department%20West%20Jefferson%20NC,OSM,
Western NC,West Jefferson,NC,Leviton Manufacturing Co Inc,manufacturing,IT,Verify,3,4,No website listed (OSM) — verify with a quick Google/call; manufacturing business with no web presence — likely no IT partner either,+13368463246,,618 South Jefferson Avenue,https://www.google.com/maps/search/?api=1&query=Leviton%20Manufacturing%20Co%20Inc%20West%20Jefferson%20NC,OSM,
Western NC,Hickory,NC,"The ChildHealth Center, PA",healthcare,IT,High,3,4,SSL certificate broken/expired,+1-828-322-4453,http://www.thechildhealthcenter.com/,1455 25th Avenue Drive Northeast,https://www.google.com/maps/search/?api=1&query=The%20ChildHealth%20Center%2C%20PA%20Hickory%20NC,OSM,
NE Tennessee,Elizabethton,TN,Security Federal Bank,finance,IT,High,2,4,No HTTPS (insecure site),+1-423-543-1000,https://www.secfed.com/,632 East Elk Avenue,https://www.google.com/maps/search/?api=1&query=Security%20Federal%20Bank%20Elizabethton%20TN,OSM,
Upstate/N SC,Greenville,SC,Centerwell Senior Primary Care,healthcare,IT,High,2,4,No HTTPS (insecure site),+1-866-405-2821,https://www.centerwellprimarycare.com/en/upstate-sc/orchard-park.html,101 Orchard Park Drive,https://www.google.com/maps/search/?api=1&query=Centerwell%20Senior%20Primary%20Care%20Greenville%20SC,OSM,
Upstate/N SC,Spartanburg,SC,Upper Cervical Chiropractic of Spartanburg,healthcare,IT,High,2,4,WordPress 4.0 (outdated); Business email is ucdcbaker@gmail.com,+1-864-804-6886,https://uppercervicalspartanburg.com/,8646 Asheville Highway,https://www.google.com/maps/search/?api=1&query=Upper%20Cervical%20Chiropractic%20of%20Spartanburg%20Spartanburg%20SC,OSM,
Upstate/N SC,Spartanburg,SC,Palmetto Eye & Laser Center,healthcare,IT,High,2,4,No HTTPS (insecure site),+1-864-583-6381,https://www.palmettoeyeandlaser.com/,1520 Boiling Springs Road,https://www.google.com/maps/search/?api=1&query=Palmetto%20Eye%20%26%20Laser%20Center%20Spartanburg%20SC,OSM,
Upstate/N SC,Spartanburg,SC,Carolina Specialty Eye Surgery Center,healthcare,IT,High,2,4,No HTTPS (insecure site),+1-864-583-6381,https://www.palmettoeyeandlaser.com/,1530 Boiling Springs Road,https://www.google.com/maps/search/?api=1&query=Carolina%20Specialty%20Eye%20Surgery%20Center%20Spartanburg%20SC,OSM,
Upstate/N SC,Easley,SC,Our Fathers Houses Realty,realestate,IT,High,2,4,Uses free email for business (carey.ty@gmail.com); Business email is Carey.ty@gmail.com,+1-864-397-5478,https://www.ourfathershouses.com/,421 Cedar Circle,https://www.google.com/maps/search/?api=1&query=Our%20Fathers%20Houses%20Realty%20Easley%20SC,OSM,
Upstate/N SC,Rock Hill,SC,Beaver Chiropractic and Spinal Rehab,healthcare,IT,High,2,4,Uses free email for business (beaverchiropractic@yahoo.com); Business email is beaverchiropractic@yahoo.com,+1-803-366-9482,https://www.beaverchiro.net,1906 India Hook Road,https://www.google.com/maps/search/?api=1&query=Beaver%20Chiropractic%20and%20Spinal%20Rehab%20Rock%20Hill%20SC,OSM,
Upstate/N SC,Rock Hill,SC,New Hope Carolinas,healthcare,IT,High,2,4,No HTTPS (insecure site),+1 877 328 9300,https://www.newhopetreatment.com/services/new-hope-carolinas/,101 Sedgewood Drive,https://www.google.com/maps/search/?api=1&query=New%20Hope%20Carolinas%20Rock%20Hill%20SC,OSM,
Upstate/N SC,Laurens,SC,"Laurens Dentistry, LLC",healthcare,IT,High,2,4,Uses free email for business (laurensdentistry@gmail.com); Business email is laurensdentistry@gmail.com,+1-864-715-0688,https://www.laurensdentistry.com/,785 East Main Street,https://www.google.com/maps/search/?api=1&query=Laurens%20Dentistry%2C%20LLC%20Laurens%20SC,OSM,
SW Virginia,Galax,VA,Galax Realty,realestate,IT,High,2,4,No HTTPS (insecure site),+1-276-236-4444,http://www.galaxrealty.com/,1101 East Stuart Drive,https://www.google.com/maps/search/?api=1&query=Galax%20Realty%20Galax%20VA,OSM,
SW Virginia,Blacksburg,VA,Oriental Medicine and Acupuncture Clinic,healthcare,IT,High,2,4,Uses free email for business (twoelmsomac@gmail.com); Business email is twoelmsomac@gmail.com,+1-540-951-1888,https://twoelmsomac.com/,200 Country Club Drive,https://www.google.com/maps/search/?api=1&query=Oriental%20Medicine%20and%20Acupuncture%20Clinic%20Blacksburg%20VA,OSM,
SW Virginia,Blacksburg,VA,Heathwood Dental of Blacksburg,healthcare,IT,High,2,4,Uses free email for business (dental-answers@comcast.net); Business email is dental-answers@comcast.net,+1-540-552-4805,https://www.hethwooddentalofblacksburg.com/,907 Hethwood Boulevard,https://www.google.com/maps/search/?api=1&query=Heathwood%20Dental%20of%20Blacksburg%20Blacksburg%20VA,OSM,
SW Virginia,Christiansburg,VA,United Country Real Estate,realestate,IT,High,2,4,Uses free email for business (blueridgelandandauction@gmail.com); Business email is BlueRidgeLandandAuction@gmail.com,+1 540-745-2005,https://www.blueridgelandandauction.com/,438 Peppers Ferry Road,https://www.google.com/maps/search/?api=1&query=United%20Country%20Real%20Estate%20Christiansburg%20VA,OSM,
SW Virginia,Blacksburg,VA,Friendly Structures,engineering,IT,High,2,4,Uses free email for business (friendlystructures@gmail.com); Business email is friendlystructures@gmail.com,+1-540-641-4886,https://www.friendlystructures.com/,902 South Main Street,https://www.google.com/maps/search/?api=1&query=Friendly%20Structures%20Blacksburg%20VA,OSM,
SW Virginia,Radford,VA,Riverside Veterinary Clinic,veterinary,IT,High,2,4,WordPress 5.15 (outdated); Uses free email for business (riversidevet1@gmail.com),+1-540-633-3900,https://www.riversidevc.com/,210 East Main Street,https://www.google.com/maps/search/?api=1&query=Riverside%20Veterinary%20Clinic%20Radford%20VA,OSM,
Western NC,Marion,NC,Tami Newman - Real Estate Agent - REALTOR,realestate,IT,High,2,4,Uses free email for business (tami_newman@yahoo.com); Business email is tami_newman@yahoo.com,+1 828-925-1130,https://taminewman.sites.erarealestate.com/,32 North Main Street,https://www.google.com/maps/search/?api=1&query=Tami%20Newman%20-%20Real%20Estate%20Agent%20-%20REALTOR%20Marion%20NC,OSM,